file_path,track_name,warmth,spatiality,distance,density,groundedness,timbral_warmth,timbral_brightness,timbral_depth,timbral_reverberance,rt60_estimate,stereo_correlation,stereo_width,dynamic_range_db,danceability,beat_strength,low_freq_ratio,rhythm_regularity,spectral_centroid,spectral_rolloff,spectral_bandwidth,spectral_flatness,pulse_clarity,tempo_confidence,key,key_name,mode,key_confidence,energy,onset_rate,spectral_flux_mean,rms_mean,cluster,name,artist,album,album_art,track_id,spotify_uri
audio/Satoshi Ashikawa - Still Way Wave Notation 2.mp3,Satoshi Ashikawa - Still Way Wave Notation 2,9.3238173132084,10.0,8.459004336017571,2.171837256958195,5.939917258444093,52.8244057395737,46.49979431163855,53.38684572300155,1.0,4.858070511373606,-0.0018218944335191,0.5008935060197083,24.81632862091064,,4.904712677001953,0.2784191535467177,0.968227305103251,647.1313156764197,778.554988670641,1095.766467555478,0.0034637588541954,0.2053101360797882,0.5177321131989432,9,A,1,0.1139352636303851,0.1776601822891257,0.9747496601677844,4.806175708770752,0.037336315959692,0,Still Sky,Satoshi Ashikawa,Still Way (Wave Notation 2),https://i.scdn.co/image/ab67616d0000b273f85d4f1e021a1e57ce0af1ed,4O8E7XRXOp8TpqRUYsv0Q9,spotify:track:4O8E7XRXOp8TpqRUYsv0Q9
audio/Milton NascimentoLo Borges - Cravo e Canela.mp3,Milton NascimentoLo Borges - Cravo e Canela,3.3971634278995486,7.729393352536911,5.8272009259627815,4.599208927526719,4.43820132769241,41.29769629909936,62.80783398568611,47.372119125874136,1.0,4.500986767654746,0.4789965825207904,0.2605038511663488,30.16392974853515,,4.780097007751465,0.3587500025270035,0.9565254505891394,1906.7909603017151,3929.493389905648,2089.9583689642036,0.0319178476929664,0.1344920843839645,0.4951055368614179,2,D,1,0.0859224994214617,0.5274040175125062,4.55862977602108,27.878250122070312,0.0738506317138671,0,Cravo E Canela,"Milton Nascimento, Lô Borges",Clube Da Esquina,https://i.scdn.co/image/ab67616d0000b27336ebd83756dae33f2504dc40,4VWdOayiIDPEZNf7qBRylL,spotify:track:4VWdOayiIDPEZNf7qBRylL
audio/Jefre Cantu-Ledesma - The Milky Sea.mp3,Jefre Cantu-Ledesma - The Milky Sea,5.325595002834029,3.8359527958696047,2.7782095810656875,6.851982866419254,3.275525328975137,50.787192533916944,55.096085042435035,75.18618657237649,1.0,8.131905178488918,0.7798117613598798,0.1135044301454456,10.678051233291626,,1.5108205080032349,0.6297586724729679,0.9616481376096208,1811.7056322937192,4540.537483655416,2305.863960805814,0.0099614467471838,0.0734296515583992,0.6563767723988706,5,F,1,0.2872920385051105,0.6293479782537782,0.7911938722775905,34.37962341308594,0.1209871172904968,1,The Milky Sea,Jefre Cantu-Ledesma,The Milky Sea,https://i.scdn.co/image/ab67616d0000b273dc1401674a1ba7c5f589e53f,5lTrKIvw7MN30cGS2FQKde,spotify:track:5lTrKIvw7MN30cGS2FQKde
audio/Vashti Bunyan - Diamond Day.mp3,Vashti Bunyan - Diamond Day,7.87790292595519,3.9571013484483775,6.511082935391508,3.377717011254566,3.943579944696358,49.91246199552597,52.51830396133332,44.830698420840584,1.0,5.23988506182855,0.7714986301505098,0.1188608776630628,29.68051505088806,,3.356423854827881,0.1803774234117821,0.9529180326260814,1020.494171834337,1675.2258247891166,1357.7895995306503,0.0299869254231452,0.1516723483800888,0.4547227036395049,2,D,1,0.3004250910926822,0.6577489156023381,2.463335811677444,34.11820983886719,0.1174368783831596,0,Diamond Day,Vashti Bunyan,Just Another Diamond Day,https://i.scdn.co/image/ab67616d0000b273aa75bc2cbc0003e7ef6add7a,1SVbLtv66jl9djDekvnMTq,spotify:track:1SVbLtv66jl9djDekvnMTq
audio/Fatima Yamaha - Whats a Girl to Do.mp3,Fatima Yamaha - Whats a Girl to Do,3.96587086950134,1.379128088731735,4.270235840509417,6.73057618431422,8.49209841858123,43.11968227047676,64.7017333465057,61.66700932254912,1.0,2.998650941884354,0.9654009967527908,0.017584501895819,34.10596227645874,,12.35922908782959,0.7648312139737058,0.976717026864529,1829.8362647296744,3845.233799879339,2116.4656236211117,0.0194313134998083,0.1705034077167511,0.8825273010920391,10,A#,0,0.0973088345294907,0.8895836007975988,3.5833440319039505,62.03685760498047,0.1705593019723892,1,What's a Girl to Do,Fatima Yamaha,A Girl Between Two Worlds,https://i.scdn.co/image/ab67616d0000b273630f7ee95e279a92b285ed41,5N720bYInxSsiUDvBOLM3C,spotify:track:5N720bYInxSsiUDvBOLM3C
audio/Augustus Pablo - King Tubbys Meets Rockers Uptown.mp3,Augustus Pablo - King Tubbys Meets Rockers Uptown,4.47761455031107,4.080848368942948,3.698354647877385,7.457551921815753,8.014221072494127,47.19690522472085,60.95392773482018,63.589560258707465,1.0,2.080941244904801,0.7583636240679688,0.1208623371094354,19.31335458755493,,8.514087677001953,0.8348797151249403,0.9719596497360576,1918.0312758833848,4261.711490564585,2286.6036621210997,0.0223975125700235,0.2090248018503189,0.4429112964366877,1,C#,0,0.0167659626121764,0.9072659812195588,4.290639248782352,64.77806854248047,0.180949330329895,1,King Tubby's Meets Rockers Uptown,Augustus Pablo,King Tubbys Meets Rockers Uptown,https://i.scdn.co/image/ab67616d0000b273720b3e82fadb2036fdd58fe0,0Rvtj66lo8oTWubx6GA1nR,spotify:track:0Rvtj66lo8oTWubx6GA1nR
audio/Maston - Hues.mp3,Maston - Hues,6.177642595734998,2.7058504920003985,4.483787429373816,2.429332545500211,7.376929734245942,46.429757621711666,60.57577207709595,46.93377800743791,1.0,4.782121912478778,0.86495127405157,0.0692117886971543,14.483702182769775,,5.621091842651367,0.3153508927291282,0.9789011384322268,1362.2709595600668,2395.92801118697,1432.9128915014523,0.0041346792131662,0.2001538425683975,0.9303895102198046,7,G,1,0.0041165673251241,0.6457377020446657,2.483384027195766,34.69000244140625,0.1126539260149002,0,Hues,Maston,Tulips,https://i.scdn.co/image/ab67616d0000b273c6e38b8ede9b06f81dc04adf,2blzOXYrQkdwoLRQ436Oox,spotify:track:2blzOXYrQkdwoLRQ436Oox
audio/Teebs - Ardour.mp3,Teebs - Ardour,2.872361322953815,4.109098610954003,2.971385018181124,7.726097959698883,6.8967960745143415,43.858641081896614,63.57991985508319,60.08968214578145,1.0,3.270796264443193,0.7568227684945845,0.1224085362915301,17.10602052211761,,4.337324619293213,0.8161055764043519,0.9341874854186054,2231.2577090451005,4961.525378816073,2617.875691504735,0.0130839450284838,0.147904098033905,0.9371564675705216,11,B,0,0.0110473877951602,0.9134390782828284,4.5375631313131315,101.22794342041016,0.2466626167297363,1,You've Changed,Teebs,Ardour,https://i.scdn.co/image/ab67616d0000b273915d94fe89cd651a06944ab4,2g1RlpsrFQNScIvJIYkeJa,spotify:track:2g1RlpsrFQNScIvJIYkeJa
audio/Elliott Smith - Cupids Trick.mp3,Elliott Smith - Cupids Trick,3.685157005267103,5.2022608333101035,3.787121383039942,6.033527674562098,5.7278668660048995,44.89209372970561,62.34918783838626,57.59660462642799,1.0,6.61251950704896,0.6744757651741201,0.1652604825986394,18.80729236602783,,3.286802291870117,0.6022886864201139,0.96265840144468,2023.0699991871704,4508.5971983139125,2426.420803801864,0.0107269426807761,0.1829816102981567,0.5482736974262329,7,G,0,0.3489310062957318,0.8269154478204416,2.6333051979230477,46.80039978027344,0.1440841257572174,1,Cupid's Trick,Elliott Smith,Either/Or,https://i.scdn.co/image/ab67616d0000b2732f3552dc6f9e4e2748c5b8ba,02dNJoluauc40mVrZaQCs4,spotify:track:02dNJoluauc40mVrZaQCs4
audio/Quruli - Quruli.mp3,Quruli - Quruli,4.709897338840318,3.5086730824875656,4.008499648473837,6.398317719397391,5.572858283337946,46.083427145122776,60.13460527852273,58.57844272356945,1.0,5.335928797484328,0.8021541112444028,0.0989479213721703,22.066562652587887,,4.495354175567627,0.6455928748829338,0.969604858315017,1753.8736542221825,3912.715305584327,2159.1522207319676,0.033949077129364,0.1307544708251953,0.7274050121261056,10,A#,1,0.1699966666923903,0.6074770425309962,3.1370697218188677,32.824703216552734,0.0996306240558624,1,Night rider (ver. Quruli),Quruli,The Best of Quruli / Tower of Music Lover,https://i.scdn.co/image/ab67616d0000b273877a6eadd479ebc5e2bbc32e,6GpyOylgcEP7eohIS5XMUj,spotify:track:6GpyOylgcEP7eohIS5XMUj
audio/Burial - Homeless.mp3,Burial - Homeless,5.777746725274982,3.7883398289867065,3.9639651016240287,5.72921773420714,7.665232926195221,48.32567591267693,58.86268283864176,57.19824109088539,1.0,3.9516648481415824,0.7821550552596463,0.1107089163968999,13.75020008087158,,5.408203125,0.6179288803465638,0.9599938447335742,1567.2183584408997,3355.0177160043168,1979.7943182450088,0.0069053452461957,0.1894302815198898,0.9185953711093308,6,F#,0,0.1456726166774046,0.9347533833731942,5.390135334927765,79.14299774169922,0.2073142677545547,1,Homeless,Burial,Untrue,https://i.scdn.co/image/ab67616d0000b27355018696782c175bdbaa3b5d,18Znx47PDdm8uNoyljW4zQ,spotify:track:18Znx47PDdm8uNoyljW4zQ
audio/Kamasi Washington - The Rhythm Changes.mp3,Kamasi Washington - The Rhythm Changes,3.555727327208202,2.846254932635871,2.9337916767427257,5.974484704521957,4.383859967513422,43.25952631470103,63.07542021835786,52.16818974781184,1.0,3.186925946629622,0.8528639816498665,0.0735867490063532,14.182406234741212,,4.1162238121032715,0.4245390125501569,0.939608530412086,1957.2887489475004,4303.842537125897,2278.095939569321,0.0244225449860095,0.1353687345981598,0.4912059807200453,10,A#,1,0.1849883719768891,0.8624034110440933,2.496136441763733,63.25814437866211,0.1618525832891464,1,The Rhythm Changes,Kamasi Washington,The Epic,https://i.scdn.co/image/ab67616d0000b273b89caebf56746ac0bae93ba9,3t4DPlzLD3gRia6LjQhwSR,spotify:track:3t4DPlzLD3gRia6LjQhwSR
audio/Jean SibeliusRalf Gothoni - 5 Pieces Op 75 the Trees No 5 Granen the Spruce.mp3,Jean SibeliusRalf Gothoni - 5 Pieces Op 75 the Trees No 5 Granen the Spruce,8.14115178355335,9.18400599460691,9.754842385787112,4.362997681803334,2.108676349848846,47.19674807063513,49.909931322447385,58.91276816115715,1.0,7.537229324170655,0.3679933854805833,0.3164572623510542,73.99179220199585,,1.3359333276748655,0.3684432893042828,0.9421435908718744,606.6112932233913,1031.283848102276,841.565529119096,0.1440050899982452,0.1057498306035995,0.2647836538461506,6,F#,0,0.0051642394507604,0.1315588563578635,1.2476260932179697,4.428475856781006,0.0221392046660184,0,"5 Pieces, Op. 75, ""the Trees"": No. 5, Granen (the Spruce)","Jean Sibelius, Ralf Gothoni","Sibelius, J.: Piano Music",https://i.scdn.co/image/ab67616d0000b273eb1d638ef75a14486c0a2338,0z8hKr3RAZjobL2NXoO64c,spotify:track:0z8hKr3RAZjobL2NXoO64c
audio/Arthur Verocai - Presente Grego.mp3,Arthur Verocai - Presente Grego,2.7374219774040536,1.0997577104017395,3.705328576666354,6.054705515733639,5.872403474836281,41.775224370647635,64.51455829060532,48.15833986681139,1.0,5.583614896692219,0.9865651803352468,0.0067224406277663,34.976165151596064,,4.91025447845459,0.2615176328433266,0.9735644907077092,2173.4776964957314,4502.7171303244195,2213.983259851142,0.0278674568980932,0.1532140374183654,0.8821997549019472,4,E,0,0.018490968055302,0.9247058119440724,4.9882324777628995,91.24465942382812,0.2401214987039566,1,Presente grego,Arthur Verocai,Arthur Verocai,https://i.scdn.co/image/ab67616d0000b273816dff6b953279497b0e7732,6QWE5mVCTKkViVIFHFBlgz,spotify:track:6QWE5mVCTKkViVIFHFBlgz
audio/Headache - Truisms 4 Dummies.mp3,Headache - Truisms 4 Dummies,5.243988808996408,2.593199933328821,3.912215431116781,5.415818577841636,7.542973296930642,45.4307893273958,60.78186121232336,56.849780774287595,1.0,7.24918620301398,0.8726009846155058,0.0641710712391911,17.563673973083496,,7.204918384552002,0.5888662065486581,0.974483164965804,1538.0062526273734,3313.16827774598,1925.099813232233,0.0096647404134273,0.1787804514169693,0.8002115181232496,10,A#,0,0.020617200622981,0.9194616977225674,4.778467908902692,65.11394500732422,0.2079915404319763,1,Truisms 4 Dummies,Headache,The Head Hurts but the Heart Knows the Truth,https://i.scdn.co/image/ab67616d0000b2737aff06f42c0db5496bf0c2b1,40oMDrqiESAbKzfnK6avpB,spotify:track:40oMDrqiESAbKzfnK6avpB
audio/Rhythm  Sound - w The Artists.mp3,Rhythm  Sound - w The Artists,8.827799012538136,1.0,4.873491748107819,6.0820947767356985,9.727365243999962,55.59565690895707,48.7268814340716,70.27424263863347,0.0,1.6398166763338131,0.9999361931400766,3.22024160511349e-05,24.45818409919739,,9.0250244140625,0.948925010740516,0.9749342948303968,1044.3819744740526,2153.5281165359843,1988.7321541745505,0.0020774344448,0.2738793194293976,0.8614348142753017,1,C#,0,0.1250484395005772,0.659986303168838,3.603568437826821,39.2617073059082,0.1002980545163154,1,We Been Troddin,Rhythm & Sound,With the Artists,https://i.scdn.co/image/ab67616d0000b273175ab822c572bdcfa9232d35,3Mdo99SI0SCO5pKmcsmhCU,spotify:track:3Mdo99SI0SCO5pKmcsmhCU
audio/Fishmans - Long Season Live.mp3,Fishmans - Long Season Live,2.761443037841119,4.660469268763043,4.677146188686036,5.8646290190923045,3.5615060569979127,39.17717377256225,66.61144877308782,51.18846779551651,1.0,2.589265645478121,0.7139531548889678,0.1430244511584874,28.79683666229247,,4.283133029937744,0.5133772342196569,0.970018105064762,1969.3085428256195,4092.688741427905,2006.9383986716623,0.0488892346620559,0.0921702682971954,0.4575379354941575,4,E,0,0.0106147124155963,0.8118035876715991,3.518147477963816,47.05916976928711,0.1324484646320343,1,LONG SEASON - Live,Fishmans,98.12.28 男達の別れ (Live),https://i.scdn.co/image/ab67616d0000b273b8b2f65e2dfa733439974801,61QOvLPX4kjn3TQ7OJV2dL,spotify:track:61QOvLPX4kjn3TQ7OJV2dL
audio/Robin Guthrie - Some Sort of Paradise.mp3,Robin Guthrie - Some Sort of Paradise,7.854005814533971,7.415898988950823,6.383980016220156,3.092880407520899,5.761655374054035,50.23351212714465,56.16858241623204,55.82602835743515,1.0,9.537288090934194,0.5029964346274348,0.2485022519419989,16.658073425292972,,2.960156202316284,0.4020300231934646,0.973807122824712,999.7938771686352,1994.7636888805132,1226.917570365324,0.0054687107913196,0.1518643945455551,0.9699305357312688,4,E,1,0.2285733492474909,0.5078624724325587,2.0245901639344264,25.308815002441406,0.0916184484958648,0,Some Sort of Paradise,Robin Guthrie,Carousel,https://i.scdn.co/image/ab67616d0000b27323d2b849c81c6cc3eb9b58c8,1O0DfMYZfuqDoHOZNZgqw6,spotify:track:1O0DfMYZfuqDoHOZNZgqw6
audio/Sigur Rós - Untitled 8 Popplagið.mp3,Sigur Rós - Untitled 8 Popplagið,6.226176640602787,3.808615863983061,3.903649610117832,5.891503079652177,3.051971218778063,49.65629122314585,61.59188258091508,63.07904009786788,1.0,13.6964218664609,0.7802676059508017,0.1112346750312367,11.186400413513184,,2.3635146617889404,0.6465508911739534,0.9570307335057164,1509.7831549804405,3219.2191856036047,1861.040112362439,0.0067181829363107,0.0949132815003395,0.3679773430810763,4,E,0,0.4388391612465854,0.8337543965810673,1.3501758632426912,59.226314544677734,0.2039013057947158,1,Untitled #8 - Popplagið,Sigur Rós,( ),https://i.scdn.co/image/ab67616d0000b27311d8349d9bcc5e5d1bc43005,0juwzpu354078dcKpR5p0w,spotify:track:0juwzpu354078dcKpR5p0w
audio/Sigur Rós - Untitled 3 Samskeyti.mp3,Sigur Rós - Untitled 3 Samskeyti,9.023511190577189,3.746441932052441,6.887969489075143,3.7652386314562745,3.5950493207465737,52.239507754873834,56.24654890364178,65.32785509771642,1.0,17.32043638998951,0.784420224099815,0.1084007517148534,32.27056975364685,,1.4815950393676758,0.5170747662456671,0.9465468543619118,748.5108610103069,1377.78695514452,1096.9126700988038,0.0001495681499363,0.15959233045578,0.2523607176581666,10,A#,1,0.0612206386685656,0.5559786107434563,2.137628359372352,16.245227813720703,0.121519960463047,0,Untitled #3 - Samskeyti,Sigur Rós,( ),https://i.scdn.co/image/ab67616d0000b27311d8349d9bcc5e5d1bc43005,1QUiA9aecDOOnf32A9ZrtW,spotify:track:1QUiA9aecDOOnf32A9ZrtW
audio/Spain - The Blue Moods of Spain.mp3,Spain - The Blue Moods of Spain,6.059025475720396,4.015760370976612,5.2466974976483804,3.3970865763395817,4.261921291332702,44.798363437344335,63.05410418209583,52.97919631939797,1.0,9.26134930285478,0.7665970980436221,0.1207995441298031,19.036752462387085,,3.329216480255127,0.3218268254859441,0.9454613977143396,1262.942081188403,2324.9684168875738,1775.4443907373643,0.0013545996043831,0.1625482738018036,0.4011788826242932,0,C,1,0.1533081748357682,0.4523995602129995,1.6909561681711638,21.652658462524418,0.0840629115700721,0,I Could Be (The Only One),Spain,"Blue Moods Of Spain: A History, Pt. 1",https://i.scdn.co/image/ab67616d0000b273f72d0800190ec80a13632b41,7Bqw0flfeQrypKunF0kfkD,spotify:track:7Bqw0flfeQrypKunF0kfkD
audio/Jon Hopkins - Everything Connected.mp3,Jon Hopkins - Everything Connected,3.0023611452704504,2.858598123229894,2.899591405126162,7.8136226031823375,5.292791325149119,44.161783199509294,64.4945435436554,64.59393942243138,1.0,8.269354401840912,0.8519866359871954,0.0741097998096002,20.696916103363037,,4.316502094268799,0.8020690194750969,0.9633156712325502,2209.858831136269,4902.68928892824,2376.6597040389593,0.0154360681772232,0.0888446122407913,0.8498440713953895,0,C,1,0.0336944812868991,0.8829449938387542,3.3177997535501684,82.28717803955078,0.2323680967092514,1,Everything Connected,Jon Hopkins,Singularity,https://i.scdn.co/image/ab67616d0000b2739d9126ec04bb005c687291a5,3oWBMOzkjjkCmV6abncBUd,spotify:track:3oWBMOzkjjkCmV6abncBUd
audio/Gregory Isaacs - Night Nurse.mp3,Gregory Isaacs - Night Nurse,4.101718706693294,1.4357794094685206,3.362029375436368,6.252045639964724,9.087775530969468,45.93774426750469,60.85006257855265,58.19385045337105,1.0,1.96037657663657,0.9622893012159528,0.0206688979034981,26.70122556686401,,12.561758995056152,0.7822016291902946,0.9617847202494694,1960.271871836404,4330.445802886919,2359.86233235873,0.0137439733371138,0.1959681659936905,0.8820316243411511,9,A,1,0.0027053157257808,0.8266165259120356,3.714577446927589,52.84945297241211,0.1301256269216537,1,Night Nurse,Gregory Isaacs,Night Nurse (Expanded Edition),https://i.scdn.co/image/ab67616d0000b27326f8a0f6a4abe3088c6074ad,4DQttwipnILl88cru3BRZx,spotify:track:4DQttwipnILl88cru3BRZx
audio/For Tracy Hyde - New Young City.mp3,For Tracy Hyde - New Young City,1.0254636853940546,3.5065724112585097,3.4541236546840697,6.744408972053962,4.899795921355776,38.645648228607335,67.40729536060444,51.187754412292435,1.0,6.548471292111608,0.8024679784801722,0.0989818651337125,32.51620283126831,,2.5918474197387695,0.3922642620659645,0.9714105200525964,2535.648131736368,5593.738902698864,2636.1118225860414,0.0247714947909116,0.1354249715805053,0.829656565656559,11,B,1,0.0070574570867459,0.8524642200896554,2.0985688035862142,84.52176666259766,0.2271044105291366,1,Girl's Searchlight,For Tracy Hyde,New Young City,https://i.scdn.co/image/ab67616d00001e02b6fd625e6200823dc4b51a83,5SrT4b4l6scDoD1YVvsjV4,spotify:track:5SrT4b4l6scDoD1YVvsjV4
audio/George Gershwin - Summertime.mp3,George Gershwin - Summertime,7.387249388058587,2.716718199546172,4.560660470052364,3.715799373069707,1.8823693210594028,49.550349470590405,58.95791137412792,52.59647799554902,1.0,6.8105930063681575,0.8673624486424953,0.072051271533745,11.50671315193176,,1.894831299781799,0.2546177245074869,0.959148613848958,1155.2620793709143,2038.611364656446,1268.4534457802356,0.0190516542643308,0.0696256309747695,0.4163861689106455,10,A#,0,0.1199297026249669,0.8123469810153685,1.647279814345215,45.19416427612305,0.1711273193359375,0,Summertime,George Gershwin,Summertime,https://i.scdn.co/image/ab67616d0000b2734b0496749b367899b3865cef,6EF76z3B8VCraU84w5Hhcd,spotify:track:6EF76z3B8VCraU84w5Hhcd
audio/Piero Umiliani - Problemi DOggi.mp3,Piero Umiliani - Problemi DOggi,1.2178201207853332,5.016762334134466,2.935566323027474,5.021584297004614,7.412957771932648,34.601864247957465,70.98381180002986,42.99114596606954,1.0,3.8062059421599503,0.6982356354761745,0.1653017820978228,13.104001998901364,,5.462510108947754,0.2549469052890399,0.9805298911961442,2890.3216273794565,4942.469166627269,2106.0439500491466,0.0360910519957542,0.2090867906808853,0.9339384770549516,0,C,0,0.2083815196784351,0.6056756324766964,2.3674202314968493,39.68389892578125,0.0925160199403762,1,Problemi sociali,Piero Umiliani,Problemi d'oggi,https://i.scdn.co/image/ab67616d0000b273a57d0db6761022df3dae4648,4DylCtvCADhxEqhrOK7jBD,spotify:track:4DylCtvCADhxEqhrOK7jBD
audio/Inoyama Land - Danzindan-Pojidon.mp3,Inoyama Land - Danzindan-Pojidon,7.733877362135231,10.0,8.173625415626722,1.47789813793266,7.196612806441612,46.4214205700314,49.64204733541206,47.710457558184174,1.0,4.296156746088625,0.181420777785437,0.4094161820819457,22.369870185852047,,4.900240898132324,0.2723184642291216,0.9550359923280676,809.5885877296388,1249.7066771022212,1100.1069885875124,0.0032994614448398,0.2226275652647018,0.8200362647325352,5,F,1,0.2458076794122515,0.3648223710698833,1.3926247288503255,14.360803604125977,0.0731525793671608,0,GLASS CHIME,INOYAMALAND,DANZINDAN-POJIDON (New Master Edition),https://i.scdn.co/image/ab67616d0000b273d8b809f5ff0627337f076c18,1lxgQG0xeAsS1r0u9M1TcP,spotify:track:1lxgQG0xeAsS1r0u9M1TcP
audio/Vegyn - Mystery or Misery.mp3,Vegyn - Mystery or Misery,7.4305790624496115,3.165566205841146,4.869887044717263,6.4697450548046875,6.717600383358297,51.28866034642483,56.4755617090067,68.37106765880154,1.0,20.162408918236444,0.8294890926515958,0.0866107998119877,21.38079822063446,,5.986081123352051,0.8706522285162813,0.9722164105409772,1183.850671571713,2682.3037764241667,1758.886090258852,0.0038003418594598,0.1312086880207061,0.812297406807123,1,C#,1,0.1339986434583184,0.8586764522581449,2.3470580903257976,73.39598083496094,0.3432740569114685,1,Mystery or Misery?,Vegyn,Mystery or Misery?,https://i.scdn.co/image/ab67616d0000b273b9e7aa178fe5102bcbb2bbbd,72C2aCZtRsUuGnjK9cqVKc,spotify:track:72C2aCZtRsUuGnjK9cqVKc
audio/Low - Words.mp3,Low - Words,7.244220462043752,1.0,5.868686288330773,5.745433740663025,5.990455074955927,52.41931456702069,51.740047923101926,66.14361101615062,1.0,8.80046207114078,0.9999999579751698,2.1012458508812728e-08,46.813240432739256,,3.3439674377441406,0.8664132400242814,0.9568598457769472,1365.7369771074864,2844.6332669448348,2218.048519624245,0.0026443044189363,0.1793472617864608,0.4843249356034398,5,F,1,0.3668072831865445,0.1035841366077548,1.1743045279387094,3.137382984161377,0.0166206676512956,1,Words,Low,I Could Live In Hope,https://i.scdn.co/image/ab67616d0000b2738b7a5660aeb00a285ca66ffe,01OXa5tVuCssU6j8TY7kxr,spotify:track:01OXa5tVuCssU6j8TY7kxr
audio/Basic Channel - Radiance I Edit.mp3,Basic Channel - Radiance I Edit,4.583794356618855,1.766450315662048,3.2246223952428585,6.21878894984672,5.728816283456192,47.471985263088314,61.99057550240478,63.61000480778591,0.0,1.8576779446466356,0.9356090414121864,0.0323077548478133,20.492013931274418,,2.494412660598755,0.8338925090328504,0.9368608964974844,1928.309150610564,4095.7787657703857,2147.024500849627,0.0156611520797014,0.1872259527444839,0.4388027792624244,1,C#,0,0.0282377123361606,0.5197613444612139,4.300362723214286,29.923080444335938,0.0698141381144523,1,Radiance I (Edit),Basic Channel,BCD,http://coverartarchive.org/release/56a05885-5961-3073-ba52-73821983c2e5/21512115727-500.jpg,,
audio/Color Filter - Sleep in a Synchrotron.mp3,Color Filter - Sleep in a Synchrotron,6.155067283318118,1.9012824254782663,3.5480753144457076,6.199183640305834,6.388945510501461,50.64365859993811,56.443870097750995,58.90124246732357,1.0,2.2036044254495666,0.925198799019172,0.037403782098107,17.00511989593506,,7.108777046203613,0.6936658775754317,0.9769907177022558,1601.62687515886,3457.3981705976817,2163.5711219114683,0.0057935449294745,0.1031771078705787,0.9065527883442124,7,G,1,0.1340325082304168,0.8867850527898902,3.4714021115956073,78.04834747314453,0.20225690305233,1,Sleep in a Synchrotron,Color Filter,Sleep In A Synchrotron,https://i.scdn.co/image/ab67616d0000b273ed4b5ac2f5b531ec082f4167,04O0VLq84WlZHxGKJJEvIh,spotify:track:04O0VLq84WlZHxGKJJEvIh
audio/缺省 - 一日入冬.mp3,缺省 - 一日入冬,8.933148088606984,10.0,7.972165124633007,1.4664529737976346,5.228101896542077,52.91256189970939,53.62591250520882,44.60177668530602,1.0,8.14500392032082,-0.0221222278342923,0.5110391811643898,21.898898744583132,,2.578538417816162,0.0964836713275756,0.8970670805645176,850.6882796613539,1453.5717745332286,746.5683890552866,0.0005545738968066,0.2002420574426651,0.6003453568687529,4,E,1,0.2953886634576493,0.7247717262995935,1.7187473650483145,33.909175872802734,0.1435043960809707,0,一日入冬,缺省,California Nebula,https://i.scdn.co/image/ab67616d0000b2736ef15af90a01c3453339a2f2,6Jaw2fL8Ij6BNkihQvlMq8,spotify:track:6Jaw2fL8Ij6BNkihQvlMq8
audio/Miguel Atwood-Ferguson - Eudaimonia.mp3,Miguel Atwood-Ferguson - Eudaimonia,9.072423894661362,8.203927695858033,8.039347271013717,1.881077187596604,1.7587508112343924,51.628162115038904,52.95616560828671,50.42238059763135,1.0,4.6780355235299655,0.4434585365519422,0.2792611921596946,26.53764820098877,,2.064932107925415,0.1739986294268792,0.9466090425039791,655.417469454282,1108.0710431654677,801.6798082269369,0.0061373421922326,0.0704062655568122,0.3959499067412722,6,F#,1,0.0770083085161316,0.4816588962688101,2.48194543923558,22.75932884216309,0.0849162861704826,0,Eudaimonia,Miguel Atwood-Ferguson,Selections from Les Jardins Mystiques Vol.1,https://i.scdn.co/image/ab67616d0000b273f9143066a1b9db5b002faa49,7ndQ2sPTsUj6nvUPPE9hy7,spotify:track:7ndQ2sPTsUj6nvUPPE9hy7
audio/Rafael Anton Irisarri - The Unintentional Sea.mp3,Rafael Anton Irisarri - The Unintentional Sea,10.0,4.531456650436607,6.416892368656891,4.383068984329361,3.5178907881707344,63.20951557843625,45.84277082409186,80.81999533320862,1.0,16.62799642418821,0.7239222498313812,0.1381544780540054,19.053967237472538,,1.068697214126587,0.7418786913128933,0.9357962276556124,641.9101932789189,1079.0008362181886,996.8882268209226,0.0020881227683275,0.112210564315319,0.4272271782964656,6,F#,0,0.5824554482171972,0.7820451503552889,2.0157894736842104,38.608402252197266,0.173585370182991,0,The Witness,Rafael Anton Irisarri,The Unintentional Sea,https://i.scdn.co/image/ab67616d0000b2735d9e2a7b14ce420aec4c8c80,1dAWofHUziyvodQvlznltz,spotify:track:1dAWofHUziyvodQvlznltz
audio/Beach House - Zebra.mp3,Beach House - Zebra,5.716689169490717,3.784009724411756,4.068485390725493,5.005881282861968,6.630207945882195,47.710364653964376,57.29302786240115,52.613893292749715,1.0,7.889432733571575,0.7815898468527805,0.1098730899499879,13.664285564422608,,3.4154627323150635,0.3914454054596261,0.9777135571295406,1560.0415441909993,3223.8769707907472,2066.163409710642,0.0072372406721115,0.1861116737127304,0.99107573564881,5,F,0,0.0122690663955011,0.8805060332119923,3.2202413284796907,65.93833923339844,0.2315712869167328,1,Zebra,Beach House,Teen Dream,https://i.scdn.co/image/ab67616d0000b2739ba6a1b973e91955ab23c50c,6asU049doNupkVllo61luh,spotify:track:6asU049doNupkVllo61luh
audio/藤丸バンド芳野藤丸 - Paper Machine.mp3,藤丸バンド芳野藤丸 - Paper Machine,5.963200207588605,1.7050948576176197,3.7370309956402927,5.5340073127074305,9.34777417543338,50.10844686290552,56.03759442444538,60.29364162402033,1.0,3.549724253140974,0.9404157918828948,0.0300407829504645,21.653822898864743,,8.931211471557617,0.8001854370707344,0.9623409573404744,1622.2933661553898,3551.421877944721,2037.295854117047,0.0133103439584374,0.2201459109783172,0.7817806697349503,5,F,0,0.0116243462882686,0.6584920522239575,4.210936194526229,31.988670349121097,0.1083859875798225,1,Paper Machine,"藤丸バンド, 芳野藤丸",BGM,https://i.scdn.co/image/ab67616d0000b2730409f5f74c3acc5d35ecdbbd,259op6g3A12uwePehZntdk,spotify:track:259op6g3A12uwePehZntdk
audio/De-PhazzWolfgang Haffner - Bahia Sketches.mp3,De-PhazzWolfgang Haffner - Bahia Sketches,5.173485930213041,3.236272558852658,3.409743114516494,6.839182367262774,9.041804477206671,49.10739309176937,58.93105574289299,62.19658169510066,1.0,3.4869693628638694,0.8231512668941753,0.0886265954937106,16.31875591278076,,8.176156997680664,0.8021018000683464,0.9761439086573328,1812.60437850325,4049.881208115221,2277.2289211120124,0.0134323937818408,0.1930839568376541,0.9490105844454584,8,G#,1,0.2044663926329603,0.9439844069641776,5.759376278567099,62.86824417114258,0.1657680571079254,1,Bahia Sketches,"De-Phazz, Wolfgang Haffner",presents De-Drums,https://i.scdn.co/image/ab67616d0000b273a0b2ee2a6146f8d76a3c0b8f,3zmKfM0aVf6hmvkN19cqaS,spotify:track:3zmKfM0aVf6hmvkN19cqaS
audio/Woodbine - Mound of Venus.mp3,Woodbine - Mound of Venus,6.295062891769295,2.766666130806201,3.743289381424304,6.498242053262659,8.10973670978663,51.34213065703686,57.89792509854624,64.02542392840421,1.0,4.197640226872346,0.8592591083766618,0.0707655931014124,17.31174163818359,,4.544757843017578,0.7881544866870209,0.972287852245858,1583.6066101348902,3559.4455994425116,2078.635916371556,0.0162874199450016,0.2272796034812927,0.8052925744268187,8,G#,0,0.0450373581038164,0.8271018749735559,3.566469134735284,45.10670471191406,0.1401899755001068,1,Mound of Venus,Woodbine,Woodbine,https://i.scdn.co/image/ab67616d0000b2736502421250ad90446a14f5e9,1R9unlja065ERrFKMWXwCC,spotify:track:1R9unlja065ERrFKMWXwCC
audio/Slowdive - When the Sun Hits.mp3,Slowdive - When the Sun Hits,2.695109296823486,4.8857849182044815,3.8498680513267582,6.974199380527744,4.664473288095543,42.703595357561106,67.23670486118598,56.62005709751923,1.0,7.854416020312539,0.6992797380669706,0.1535750512586282,21.97479276657104,,2.3871490955352783,0.5577204451636278,0.959436960937089,2277.314782883986,4584.186980190202,2365.788127852308,0.0319116786122322,0.1297095417976379,0.7021737386700834,6,F#,0,0.0009260592287215,0.8525093931276554,2.1003757251062143,60.45782852172851,0.1930920928716659,1,When the Sun Hits,Slowdive,Souvlaki,https://i.scdn.co/image/ab67616d0000b273f6e31941d10e4819d290af41,0oxYB9GoOIDrdzniNdKC44,spotify:track:0oxYB9GoOIDrdzniNdKC44
audio/Secos  Molhados - Secos  Molhados.mp3,Secos  Molhados - Secos  Molhados,1.2400363497443168,1.6216270480781023,1.3443704336623927,7.074709909634411,5.142162325259697,40.05376167996776,67.72489460516789,56.3649993091078,1.0,6.73602406889561,0.9468216861930516,0.0268572696821039,10.497087717056274,,4.181586742401123,0.5213426379074284,0.9634703196348924,3128.388031309421,6705.692331414473,2937.3451363996483,0.0330079607665538,0.1147940158843994,0.8159684926602073,2,D,1,0.4933897741284726,0.8639971214146192,2.5598848565847643,50.360965728759766,0.1627885550260543,1,Secos & Molhados,Secos & Molhados,Secos & Molhados,http://coverartarchive.org/release/fbc1d4ed-8bbf-4d3b-889c-1bfaf6bcf14b/4822809513.jpg,,
audio/This Mortal Coil - Song About My Father.mp3,This Mortal Coil - Song About My Father,6.339268937846547,5.444605427316817,5.360006429312501,4.202856088849261,1.928332873504894,48.31080971789959,59.30068340776999,59.020374106478066,1.0,6.613661474573202,0.6545140498361982,0.1734855174475745,19.609233856201175,,1.397471904754639,0.3091909656245084,0.9413872516182622,1403.1860162722596,2767.2900744979306,1791.6434987491791,0.0021817726083099,0.1035347804427146,0.2598328257629738,5,F,1,0.2382311461757169,0.3425084946688551,1.286463759488019,18.662906646728516,0.059510838240385,0,Song to the Siren,This Mortal Coil,It'll End in Tears,http://coverartarchive.org/release/d24cc2a3-d5a0-30f9-b01a-caccbc8298fd/34931952109-500.jpg,,
audio/Fishmans - Weather Report.mp3,Fishmans - Weather Report,4.17795174513798,4.316110290374998,3.4546231504770177,5.10247065323558,5.90753063088993,44.37032975826238,60.93730597483042,55.45178560891112,1.0,6.068652216638065,0.7403332824891907,0.1298542592833007,10.19031639099121,,4.19818115234375,0.4521462393473663,0.9796327993116716,1851.0510476321535,3867.302698230161,2034.9476420926403,0.0106168743222951,0.1745564937591552,0.6804392083569714,7,G,1,0.0024061436271821,0.8167680190680758,3.02417064141566,48.00468063354492,0.1359407007694244,1,WEATHER REPORT,Fishmans,宇宙 日本 世田谷,https://i.scdn.co/image/ab67616d0000b273f0848eae2594bbab3c3d4363,682TDtMAq9UcKN0QqVN019,spotify:track:682TDtMAq9UcKN0QqVN019
audio/sora - Traces.mp3,sora - Traces,5.7128315674979255,10.0,6.24533532482148,5.121644066439082,5.732041462192014,48.03788323329985,58.34898331619911,55.112489877445405,1.0,4.623553243519598,0.1109454554152947,0.4455271308076451,19.490351295471196,,5.762036323547363,0.54997989000555,0.9655253296503906,1572.7827641072756,3339.3195035564368,1942.8805062811432,0.0240299720317125,0.1524206399917602,0.5645107794361433,9,A,1,0.0325716003643186,0.6087760938417209,3.54273664161083,31.390954971313477,0.0995585843920707,0,Traces,sora,Re.sort,https://i.scdn.co/image/ab67616d0000b273d566f1830ab679b29319cfb2,46zfQI2liGMyCSZFDsNmln,spotify:track:46zfQI2liGMyCSZFDsNmln
audio/Ravyn LenaeMereba - Where Im From feat Mereba.mp3,Ravyn LenaeMereba - Where Im From feat Mereba,3.986102371760106,1.7495384393449736,2.4527355174892165,8.159159913997122,5.3567428196928715,47.48361328320722,58.56015029387668,63.4083858963981,1.0,4.736816643611341,0.9368234630313332,0.0316003216217332,17.279271388053893,,4.511831283569336,0.7778800743864295,0.942290550355012,2096.1098008018344,4751.5230917517165,2533.600799019993,0.0131459878757596,0.1244845911860466,0.6110652353426856,9,A,1,0.1492889045610376,0.8747981460912814,2.9919258436512517,98.52527618408205,0.251787930727005,1,Where I'm From (feat. Mereba),"Ravyn Lenae, Mereba",HYPNOS,https://i.scdn.co/image/ab67616d0000b273a2a1ffef42c5c2ba1eb8c9a5,2iEkQcLF4Mjm91hTS3XW86,spotify:track:2iEkQcLF4Mjm91hTS3XW86
audio/MINMI - Whos Theme.mp3,MINMI - Whos Theme,4.272514912031774,2.0367141020234563,2.473327703820819,7.004765532508511,6.566536805388205,47.00214279874848,60.63678048017502,59.25559561607459,1.0,4.4983644092333925,0.9148312634803394,0.0425889739103688,11.810856628417968,,6.443007946014404,0.6900135978684455,0.9714941481107215,1979.6747671098185,4366.313074269085,2460.0448561149724,0.0105633707717061,0.1352128237485885,0.8008590394377134,11,B,0,0.1090881205188685,0.8707132531928794,2.8285301277151733,80.64388275146484,0.2362306267023086,1,Who's Theme,MINMI,imagine,https://i.scdn.co/image/ab67616d0000b2731435df5d8a188511a5ac0b85,58yuFWA2sd63pW9i4Jy7fC,spotify:track:58yuFWA2sd63pW9i4Jy7fC
audio/Floating PointsPharoah SandersLondon Symphony Orch - Promises Movement 1.mp3,Floating PointsPharoah SandersLondon Symphony Orch - Promises Movement 1,6.233340080370628,4.832927630249902,6.584655047727064,2.7115588511150492,1.6051362327906116,45.72420629960814,59.32439530599112,51.44396183296027,1.0,4.680937324850504,0.7012039682026455,0.1499656188610757,34.48158235549926,,1.5268656015396118,0.2621459617845043,0.942703061863374,1272.8631043478697,2326.869717652516,1611.496523639739,0.0016112069133669,0.0949433520436286,0.2352160270335491,7,G,0,0.058855732903244,0.2535501661202248,1.754206589464094,9.476250648498535,0.0458512492477893,0,Movement 2,"Floating Points, Pharoah Sanders, London Symphony Orchestra",Promises,https://i.scdn.co/image/ab67616d0000b2738718f18aca81c2f4961946f4,5KqceyQkpADmpVrGW6armI,spotify:track:5KqceyQkpADmpVrGW6armI
audio/Big Issue - Shining Spring.mp3,Big Issue - Shining Spring,2.693237273891983,2.788174083222129,3.815976561525332,3.434526894047895,4.186728119444552,40.88766821281746,64.50895310916117,38.6121513673545,0.0,1.4425401212115734,0.8646353983379209,0.0768367670822896,23.203437328338623,,4.173054218292236,0.1160862974290728,0.937328565942154,2218.045995884955,3946.389969535496,1881.9893995246696,0.0203906446695327,0.1849846243858337,0.1700310559006145,0,C,0,0.0202073725625814,0.2980266248928081,5.2338477708759745,13.303707122802734,0.0262074563652277,1,Shining Spring,Big Issue,Seat,https://i.scdn.co/image/ab67616d0000b2737f6199ae737d54a36114c44d,5AxEqcSGqieeOmI1h19Dwy,spotify:track:5AxEqcSGqieeOmI1h19Dwy
audio/Thundercat - Them Changes.mp3,Thundercat - Them Changes,5.551849047939819,4.174178869297457,4.5280369306878505,6.739378053766796,7.487166314861247,48.46411433119194,56.00435455450763,59.652123935213154,1.0,4.61945057841608,0.7516219739866865,0.1247367396454055,23.155913829803467,,8.164376258850098,0.593341231276959,0.9667207969164808,1642.2952911262453,3615.676759086831,2155.4314479176037,0.0198981761932373,0.1494470387697219,0.897129186602861,3,D#,0,0.2031736377792403,0.8869992741895913,3.4799709675836543,71.29723358154297,0.1844093650579452,1,Them Changes,Thundercat,Drunk,https://i.scdn.co/image/ab67616d0000b27385c5e6c686ced3e43bae2748,7CH99b2i1TXS5P8UUyWtnM,spotify:track:7CH99b2i1TXS5P8UUyWtnM
audio/Eiafuawn - Bunny.mp3,Eiafuawn - Bunny,6.133415075557033,4.785873424702567,4.616501582332281,6.087397424479463,5.993402408137524,50.787728242013785,57.384605153883705,63.75057108813838,1.0,7.438738620613874,0.7055660035017061,0.1487319517816704,21.695935249328613,,6.922430515289307,0.8470595763706414,0.9631938284546432,1597.4990949457415,3602.7266739198826,2000.967287934568,0.0186976995319128,0.1370376795530319,0.4476099164497952,11,B,0,0.1287647097116221,0.5826910758594144,2.8964591208277897,28.48978042602539,0.1018022745847702,1,Bunny,Eiafuawn,Birds In The Ground,https://i.scdn.co/image/ab67616d0000b27393c6439f9d26072c89f1be9c,5u3MTOeVsXAiqFFLKve52k,spotify:track:5u3MTOeVsXAiqFFLKve52k
audio/sugar plant - purple bike.mp3,sugar plant - purple bike,2.6272265329612163,3.0598982597576585,2.1055331820530885,6.602253428465828,7.269891162430679,42.998168856794265,68.65061564528753,60.570536139008325,1.0,8.205333997381011,0.8469205070548309,0.0895461591820821,8.632432460784912,,3.8719935417175297,0.7130539509646484,0.9702992078255728,2284.720359676122,4863.219702393699,2445.1402405309277,0.0159517154097557,0.1788805276155471,0.9850974652385004,2,D,1,0.1063584115026843,0.817945692964133,2.4068767908309456,42.96229553222656,0.1844338178634643,1,purple bike,sugar plant,cage of the sun + early singles,https://i.scdn.co/image/ab67616d0000b273d3a00c5dd35688cfd12e337c,6uyuMhvpYjvDZYumMR5Akf,spotify:track:6uyuMhvpYjvDZYumMR5Akf
audio/Alice Coltrane - Ptah the El Daoud.mp3,Alice Coltrane - Ptah the El Daoud,6.082302506559482,2.9984260651232995,4.038272440078984,5.04626649890722,3.5119826919585537,47.56401215316836,57.283153253745006,56.00196518342743,1.0,4.337282144946546,0.8416972365293621,0.0797731741745664,12.624143695831297,,4.212942600250244,0.5964003103347105,0.9415001422312236,1428.8722407356663,2887.4212231383817,1966.21258194202,0.0042296615429222,0.08621396869421,0.4351039388822751,10,A#,0,0.0101035532603098,0.8668472041199098,2.673888164796389,60.38867950439453,0.1834362596273422,1,"Ptah, The El Daoud",Alice Coltrane,Ptah The El Daoud,https://i.scdn.co/image/ab67616d0000b273e1d9b4284bd479b1f5125235,0d138uB1S7cAnalSAzY9nV,spotify:track:0d138uB1S7cAnalSAzY9nV
audio/Hiroshi Yoshimura - CREEK.mp3,Hiroshi Yoshimura - CREEK,6.0531502201197185,10.0,7.874745071577857,3.138549658813468,6.889643217400759,49.05263787018233,54.133973194471466,46.3399969094593,1.0,2.990043377665976,-0.029053540018539,0.5144802004575616,41.34810390472412,,5.542201519012451,0.2544506079203741,0.9852562795894032,1532.4378078244129,3223.3634593481497,1837.521591439812,0.0096920011565089,0.1820061057806015,0.9816281279695837,4,E,0,0.0449807129347652,0.6032072161157438,7.953615279672579,24.417987823486328,0.0773576721549034,0,CREEK,Hiroshi Yoshimura,Green,https://i.scdn.co/image/ab67616d0000b27330e09d46193d94ec53b4c096,6UYWctsd0e6g2m9JvXzErv,spotify:track:6UYWctsd0e6g2m9JvXzErv
audio/Carissas Wierd - So Long.mp3,Carissas Wierd - So Long,8.932740740756625,1.0,3.742454489568864,4.2405036650806895,4.808995185537849,56.19375339386605,54.74572282218371,60.8427748079043,1.0,10.62225880208016,0.999999998627564,6.862152724248455e-10,6.648630523681641,,2.683441638946533,0.4611915699857271,0.958871754111095,1039.426173291987,2150.0922690851876,1242.267406598836,0.0065036132000386,0.1534189283847808,0.614774050164032,8,G#,1,0.0163251638699658,0.8125444323601887,1.6774379999739528,45.10141372680664,0.1603613942861557,0,So Long,Carissa's Wierd,Songs About Leaving,https://f4.bcbits.com/img/a3783884972_10.jpg,,
audio/Yellow Magic Orchestra - Solid State Survivor.mp3,Yellow Magic Orchestra - Solid State Survivor,1.0,4.290185042925425,2.428878861762614,7.802354650955293,7.0799978463952025,37.86401222269891,68.82596869354082,53.48282390752121,1.0,1.8595419639438069,0.7439292954128234,0.130065774554976,14.639541244506832,,6.0004658699035645,0.5202508631574071,0.9727737023891816,2894.46826925066,6064.3770327627535,2664.155820913333,0.036072202026844,0.1805103868246078,0.7997579594116477,1,C#,0,0.0066404441754328,0.9150638798310792,4.6025551932431705,97.89195251464844,0.217848390340805,1,SOLID STATE SURVIVOR - Live at The Venue October 16 1979,YELLOW MAGIC ORCHESTRA,YMO TRANS ATLANTIC TOUR LONDON 10/16/1979,https://i.scdn.co/image/ab67616d0000b27318fff9bd9215eb3c5d6d7017,1CKotnpuCNCottT1ZS71zX,spotify:track:1CKotnpuCNCottT1ZS71zX
audio/Caribou - Sun.mp3,Caribou - Sun,4.307560278136513,3.9162229494754817,6.035966790293311,6.381061758812598,5.158320530058824,42.49108861753011,63.69206179477171,56.402487330632916,1.0,6.221694673457273,0.7709453684967378,0.1145440107186412,76.18786430358887,,4.989680767059326,0.6009700354248123,0.9733218681225436,1617.866708517072,3705.204057282817,1776.3588089840598,0.3200006186962127,0.1284375488758087,0.5905218565243677,3,D#,0,0.2452820767602178,0.876990216463151,3.07960865852604,57.378318786621094,0.1562466323375702,1,Sun,Caribou,Swim,https://i.scdn.co/image/ab67616d0000b2734695a92b94d2c72067c78b0b,3yb4akoM3pD2epSSrfx9Es,spotify:track:3yb4akoM3pD2epSSrfx9Es
audio/Hareton Salvanini - Só.mp3,Hareton Salvanini - Só,8.657612210854511,7.913499348240096,9.132408546928213,2.3572608183690935,1.6204567470637905,51.27031829829512,52.70939531890396,55.024931324180535,1.0,5.723486189937282,0.4649594058562714,0.267594800330646,57.22607507705688,,1.1533337831497192,0.1263905206171618,0.948841345199884,825.1920932710168,1406.2316872541885,945.6161713217838,0.0001460159110138,0.1021830067038536,0.2441455506184671,5,F,1,0.0510242698075036,0.5448199289365746,1.2724137931034485,26.463428497314453,0.1062687039375305,0,Só,Hareton Salvanini,S.P/73,https://i.scdn.co/image/ab67616d0000b2732c941e10ab9309ae5631d08c,2j8FQJGIKWOIqzyXiwWVYy,spotify:track:2j8FQJGIKWOIqzyXiwWVYy
audio/POiSON GiRL FRiEND - comme rêve sans trêve 2024 Remastered.mp3,POiSON GiRL FRiEND - comme rêve sans trêve 2024 Remastered,1.7922241835140775,3.365861043479658,2.183232148303376,7.860673230106469,6.864248444796503,41.82514770866461,67.4141405340365,62.09989749376272,1.0,4.021286639719195,0.8131402337558326,0.0935202195781691,14.998070430755616,,5.871936798095703,0.784688615142599,0.975589566222917,2456.933108979281,5717.485797515964,2752.758021565446,0.0166628845036029,0.1281303614377975,0.9410044719642162,9,A,0,0.087301746481311,0.8870370370370371,3.4814814814814814,84.66549682617188,0.2347521483898162,1,comme rêve sans trêve (2024 Remastered),POiSON GiRL FRiEND,rondoElectro (2024 Remastered),https://i.scdn.co/image/ab67616d0000b273674af5fb8ea1e8b5f2992910,4Gz24E9qBJf9cjgvAbeAKI,spotify:track:4Gz24E9qBJf9cjgvAbeAKI
audio/Alice Coltrane - Journey in Satchidananda.mp3,Alice Coltrane - Journey in Satchidananda,3.44930936832488,5.312950614157976,2.953609246173965,7.478423755038325,3.898581529800089,47.63132352033339,60.407703229423326,65.43510447530402,1.0,6.0812758707971275,0.6658082768995811,0.1693534393592629,17.76175332069397,,2.003037214279175,0.684999854264431,0.934781402901246,2234.285377574641,5473.787485917907,2666.528434148704,0.0211151167750358,0.1487412303686142,0.265877162428885,4,E,0,0.3845558992502719,0.7284259438802319,3.437811429856288,35.621036529541016,0.1286263316869735,1,Journey In Satchidananda,"Alice Coltrane, Pharoah Sanders",Journey in Satchidananda,https://i.scdn.co/image/ab67616d0000b27355c9b757d8d511d196350bfa,2gG3ivmsfylVXLyIJvLXyN,spotify:track:2gG3ivmsfylVXLyIJvLXyN
audio/Cocteau Twins - Cherry-Coloured Funk.mp3,Cocteau Twins - Cherry-Coloured Funk,2.607835824423794,10.0,4.457738552803952,6.57794963342998,7.622848039332114,42.115943020963414,65.80272934911244,54.977781713332845,1.0,5.730989702906416,0.2739771050973638,0.3630200074022279,7.321784210205077,,4.520293712615967,0.556251940504244,0.9836022414270968,2265.5101248932315,4552.57219776398,2272.1654566505017,0.0222015753388404,0.2008157074451446,0.9733381590058996,1,C#,0,0.0594782078382406,0.8478004849324559,1.9120193972982331,79.33800506591797,0.2220398038625717,1,Cherry-coloured Funk,Cocteau Twins,Heaven or Las Vegas,https://i.scdn.co/image/ab67616d0000b273fe6211303e796f3d5b7a0e02,37pKTyMwalomKCZjxTc2QZ,spotify:track:37pKTyMwalomKCZjxTc2QZ
audio/Duster - Inside Out.mp3,Duster - Inside Out,9.478068707387706,1.1136729710968654,4.216041256563301,4.9901150533870675,6.947222230941137,58.968673732376246,49.29167375554524,62.32605094993727,1.0,7.821680457324387,0.985497837817513,0.0072536332797557,7.108555507659915,,3.500319242477417,0.7603850513842136,0.966622777717167,872.3283317136276,1623.6974464699074,1298.220150984069,0.0003770957118831,0.2617665231227875,0.5453497942386741,2,D,1,0.0528715170339224,0.8533536585365854,2.1341463414634148,78.28097534179688,0.2786224782466888,1,Inside Out,Duster,Stratosphere,https://i.scdn.co/image/ab67616d0000b2732241587c8ce3d9051f4d4f74,6WlmEymaXKMRs3D2c4j6os,spotify:track:6WlmEymaXKMRs3D2c4j6os
audio/Idaho - Idaho.mp3,Idaho - Idaho,3.434654691945557,1.0,3.160410346568734,3.369565005333863,3.8055603843935786,43.893317749819104,64.79031598344399,43.59332672582862,1.0,2.1592810307351664,0.999019162730208,0.0004906048225297,21.402198791503903,,5.660274505615234,0.423403564037024,0.9336658137410202,2157.6311194342375,3967.6451559126126,1933.7455674686564,0.0177154522389173,0.1267702281475067,0.1836656928743784,5,F,0,0.0005168572083901,0.2097327692439003,3.5669829659853143,9.479334831237791,0.0191046558320522,1,Idaho Rain Sounds,"Idaho Rain Sounds, United States Weather Sounds, Rain Station FX, Atmospheres FX, Calmsounds, Discovery Sounds FX, The Nature Sound FX, The Nature Soundscapes, Sounds of Relaxation",Idaho Rain Sounds,https://i.scdn.co/image/ab67616d0000b273b66e33eabab0729f1777f9b7,4BFoWr3Vyc2QxgbFfeGLve,spotify:track:4BFoWr3Vyc2QxgbFfeGLve
audio/Stereolab - The Flower Called Nowhere.mp3,Stereolab - The Flower Called Nowhere,1.4609462631710275,5.736604251995243,3.1359722494380726,6.478592438266922,5.822061631303924,41.10495099534671,63.98391050916227,55.04823129315785,1.0,7.838067120761637,0.6328609325905235,0.1851881066301804,18.52353897094726,,4.11767578125,0.4650399719638802,0.979773727231648,2551.8686183116633,5879.5182046968275,2767.382625643938,0.0213156137615442,0.1900567263364792,0.5398334438794271,1,C#,0,0.0462270634790501,0.9030738687152648,4.1229547486105895,53.81537628173828,0.1659424901008606,1,The Flower Called Nowhere,Stereolab,Dots And Loops (Expanded Edition),https://i.scdn.co/image/ab67616d0000b2735e70712e0193f7a9bbc23c0d,7dmHNa6KpsyakWQsMOjHUx,spotify:track:7dmHNa6KpsyakWQsMOjHUx
audio/Tim Hecker - Hatred of Music I.mp3,Tim Hecker - Hatred of Music I,5.244330703276373,9.800327661945133,6.43460283745382,4.7766020286780755,2.9044791051039103,43.94473847372662,63.22531774772514,58.794792024812665,1.0,13.37363934600436,0.3205131549749153,0.3398300449706637,15.71791925430298,,1.1124953031539917,0.2451980282542957,0.9359424179922904,1503.978502338846,2717.9312677723383,1494.49911189985,0.0021371699403971,0.1346817761659622,0.3996247654784215,9,A,0,0.3389482369493194,0.9204616461969404,4.818465847877613,72.37979125976562,0.226197749376297,0,Hatred of Music I,Tim Hecker,"Ravedeath, 1972",https://i.scdn.co/image/ab67616d0000b273dd3e6ebb68966851e511f350,3VXQqKasT2ZHOS1Y3ov5fq,spotify:track:3VXQqKasT2ZHOS1Y3ov5fq
audio/Céline Dessberg - Chintamani.mp3,Céline Dessberg - Chintamani,6.755274141216748,1.0714955981268806,3.4205637935961457,6.416728757971982,8.401222221136148,50.68058379001562,55.273633838617314,60.773012374418954,1.0,4.148775061881498,0.9887370193378228,0.0056466061058395,13.14406509399414,,6.209264755249023,0.6672223246865939,0.9690714351570784,1399.5961352366076,2982.885373854645,1976.6656381278835,0.0160486660897731,0.2192888855934143,0.8328413687547739,8,G#,0,0.0333472771662894,0.8868753139126068,3.4750125565042693,70.99784088134766,0.2522856593132019,1,Chintamani,Céline Dessberg,Chintamani,https://i.scdn.co/image/ab67616d0000b27368448ac3f9e9a7d68aef0c59,4DTgkUmdaTSyqK4es0Vutb,spotify:track:4DTgkUmdaTSyqK4es0Vutb
audio/Frank Ocean - Futura Free.mp3,Frank Ocean - Futura Free,5.903144234184069,3.213754461358473,6.594249136699477,6.558855382359838,3.1505678053608435,46.45429834466492,59.10828429064209,61.593049384462425,1.0,5.835411164246722,0.8247374709114986,0.0876616405637947,75.78498764038086,,2.2177040576934814,0.5443491549906152,0.9502184276546582,1425.0691201153136,2774.6330294201057,1611.1553445874083,0.0653080195188522,0.0618649460375309,0.6043544470510738,0,C,1,0.0550422073110835,0.7225706095334818,1.052907608496865,46.09822463989258,0.1258975714445114,0,Futura Free,Frank Ocean,Blonde,https://i.scdn.co/image/ab67616d0000b273c5649add07ed3720be9d5526,5k8LB57xOq8UUNVaKWSqrf,spotify:track:5k8LB57xOq8UUNVaKWSqrf
audio/Lamp - 密やかに.mp3,Lamp - 密やかに,8.541552879640857,2.727826053439355,5.738852881088799,2.9946078726335896,3.347575735013102,53.56556479176044,51.775971499708525,54.19603875307469,1.0,5.626605047289328,0.8645889610633968,0.07103948166574,26.944295120239257,,3.9277360439300537,0.3058635125594582,0.9369696646173958,1018.482453700858,1936.7058926008144,1312.5070208360798,0.0005970670026727,0.1026666909456253,0.4864467886233077,9,A,1,0.2378510448504824,0.7373174003564218,1.570048309178744,33.01103210449219,0.1572507321834564,0,密やかに,Lamp,ランプ幻想,https://i.scdn.co/image/ab67616d0000b273bbc2ac628f52cd6127e20bfa,1vH0VkHWjdFkh0R2hhBh6n,spotify:track:1vH0VkHWjdFkh0R2hhBh6n
audio/Uyama Hiroto - Yin And Yang.mp3,Uyama Hiroto - Yin And Yang,3.639101673590376,3.3082066817418703,4.03919920644266,7.201662848097307,5.806668339881446,43.54101579573066,64.62625955298077,60.04066743656212,1.0,9.237270115767895,0.8209406174697491,0.0938436348249567,27.55662107467651,,5.156774997711182,0.6964305228867009,0.9653301681747538,1955.6786913186152,4252.858520019472,2264.8134544751197,0.0137720024213194,0.154331624507904,0.5352163898654317,0,C,0,0.0615527471695982,0.8673512008353638,2.6940480334145493,94.62399291992188,0.3392669856548309,1,Yin And Yang,Uyama Hiroto,freeform jazz,https://i.scdn.co/image/ab67616d0000b273aec4131766da74c016f2199d,3xiQhLKL1MbH7uAZph543m,spotify:track:3xiQhLKL1MbH7uAZph543m
audio/Brian Eno - An Ending Ascent.mp3,Brian Eno - An Ending Ascent,8.637834566067585,10.0,9.084813870165434,2.705675652538422,3.147161177191997,50.912061657257055,51.64089347069336,57.13109129312051,1.0,5.479690751655092,0.0117400567410663,0.494215150900663,35.85361614227295,,0.8865955471992493,0.1920027246995467,0.935183465086392,820.9640699906078,1291.9271325056648,921.0198430071166,0.0089076906442642,0.1414172351360321,0.4606362182335128,3,D#,1,0.2167977157564529,0.4511723980609974,6.857865251320205,13.754401206970217,0.0591598078608512,0,An Ending (Ascent) - Remastered 2005,Brian Eno,Apollo,https://i.scdn.co/image/ab67616d0000b273f2b52822fe54084cf07bfe02,1vgSaC0BPlL6LEm4Xsx59J,spotify:track:1vgSaC0BPlL6LEm4Xsx59J
audio/Nubya Garcia - Source.mp3,Nubya Garcia - Source,4.472639341508946,3.4760011561504687,3.1928621858242874,6.526457216643067,4.140212187239861,47.10318834165459,62.65365820312062,66.1400986472072,1.0,5.748541978706925,0.8046378093490244,0.0976840318306126,14.30772581100464,,4.215692520141602,0.8536044978610549,0.9565946969606371,1917.353098364599,4229.297406619086,2299.2998045876143,0.0077454736456274,0.0850550457835197,0.4751687253278986,7,G,0,0.2289760356742067,0.6054262081315207,2.50903061997925,32.08407974243164,0.1050587892532348,1,"Source [Feat. Ms MAURICE, Cassie Kinoshi, & Richie Seivwright]","Nubya Garcia, Ms MAURICE, Cassie Kinoshi, Richie Seivwright",SOURCE,https://i.scdn.co/image/ab67616d0000b273d52e831a699e7635bcb56c4c,5nseqyL1YFnfI8PgBRQMeI,spotify:track:5nseqyL1YFnfI8PgBRQMeI
audio/Jaco Jaco - Whats It Like in the Sunshine.mp3,Jaco Jaco - Whats It Like in the Sunshine,8.066335236797105,2.890413995788573,4.343870035555495,5.014659740882612,5.104463400048808,54.28534331876897,54.84246444618914,60.98634707671705,1.0,3.137450020998596,0.8506851125159529,0.0761753175338393,13.551992034912107,,5.956389427185059,0.7167323217495873,0.9529044026713293,1207.858415668111,2553.733230795954,1546.6406100168847,0.0087389731779694,0.1176502183079719,0.4785418821096132,3,D#,1,0.0671729992751038,0.8800267795627305,4.093675771971497,52.044288635253906,0.1433054655790329,0,What's It Like in the Sunshine,Jaco Jaco,Gremlin,https://i.scdn.co/image/ab67616d0000b273c3427d2f093f19d5ccc2af80,3O43Pr5UFN4QmcrH6ZyBJv,spotify:track:3O43Pr5UFN4QmcrH6ZyBJv
audio/花溪 Flowerstream - Air Talk.mp3,花溪 Flowerstream - Air Talk,8.87392189725361,1.883609493755885,4.115994722918681,5.2382045289175,6.668496956380459,55.58900449155306,49.67650018763147,61.538496376593955,1.0,9.721932574388712,0.927211768258874,0.0372203856575006,5.201112270355225,,3.047333240509033,0.6651350753501002,0.9686232118854788,1048.0904243520793,2020.8631180624925,1734.988459457303,0.001749349408783,0.2046378403902053,0.6807013358778544,2,D,1,0.0157296949642968,0.8479028101770517,1.9161124070820663,58.0370979309082,0.265418529510498,1,Air Talk,花溪 Flowerstream,Flowers Dream,https://i.scdn.co/image/ab67616d0000b27327bab003a54bc72434b293a6,7csWTKx86d8gmucihsRNkG,spotify:track:7csWTKx86d8gmucihsRNkG
audio/HYUKOH落日飛車 Sunset Rollercoaster - Aaaannnnteeeeennnaaaaaa.mp3,HYUKOH落日飛車 Sunset Rollercoaster - Aaaannnnteeeeennnaaaaaa,10.0,5.677806912384119,8.703745040961206,4.515150459243129,3.4574276785588536,58.10867161493864,47.249430760868506,72.66471407895763,1.0,10.203858407429058,0.6366299884300378,0.1823899970675113,50.231132125854494,,1.3175818920135498,0.8243113248528382,0.9579469214555916,467.674792535249,786.984635845037,678.0886879959596,0.0050015454180538,0.0701397880911827,0.5975513263648833,4,E,1,0.0766992422481605,0.7580909815883607,0.7425102943419247,42.739234924316406,0.1449278444051742,0,Aaaannnnteeeeennnaaaaaa,"HYUKOH, 落日飛車 Sunset Rollercoaster",AAA,https://i.scdn.co/image/ab67616d0000b2738c20a529bcd2c5e7367d7f3a,101lUgtuH4AYGr96pYn55C,spotify:track:101lUgtuH4AYGr96pYn55C
audio/Leny AndradeRomero Lubambo - Aqui Oh.mp3,Leny AndradeRomero Lubambo - Aqui Oh,5.993701713359173,1.2249626392965982,3.504494512327018,4.330289475080251,2.817647403877104,49.87973497618285,57.21125615967138,52.79826430645242,1.0,3.764654306899781,0.9772953491445656,0.0117513406460954,20.24459457397461,,3.570889472961426,0.5100733850017635,0.9382718644436594,1584.966752735561,3538.5434717871167,2150.733084069482,0.0026042689569294,0.1020349413156509,0.1650543617840924,9,A,1,0.0338780926650532,0.6956370163121977,3.823370366728935,34.55515670776367,0.1178165450692176,1,"Aqui, Oh!","Leny Andrade, Romero Lubambo",Lua do Arpoador,https://i.scdn.co/image/ab67616d0000b2733a324de285b8d4781766e27e,3wiIqvhA0XYBT94iPPTscM,spotify:track:3wiIqvhA0XYBT94iPPTscM
audio/Galaxie 500 - Tugboat.mp3,Galaxie 500 - Tugboat,3.690092613092146,4.252750671140802,4.100257010021343,5.166265254202982,6.256503416398702,41.0860354480688,64.42084780480934,50.49791910297559,1.0,7.59050093043818,0.7453039583246692,0.1275184037555038,15.031809711456296,,2.719571590423584,0.3709221047862591,0.957038414006613,1830.845330103754,3473.425527443282,1995.574408910497,0.0243421327322721,0.2054202407598495,0.7706781654253159,7,G,1,0.290452653265128,0.8645751266178954,2.583005064715813,58.32737731933594,0.1691603809595108,1,Tugboat,Galaxie 500,Today,https://i.scdn.co/image/ab67616d0000b2735c8b326548e5a345e0f5fec1,2wSmwBjoS5skbNYAMBi5qG,spotify:track:2wSmwBjoS5skbNYAMBi5qG
audio/MINMI - Shiki no Uta Single.mp3,MINMI - Shiki no Uta Single,4.430067869978709,2.1672477363147453,2.7398614111703976,6.425501637388116,6.09252384110859,46.59104462938424,61.93841774497142,59.27928611222611,1.0,3.0528457242563554,0.9048395398293514,0.047587278471361,11.700125312805172,,3.710450410842895,0.6857181193658789,0.9449879140240388,1915.2903777662084,4081.595666144373,2202.8522692730617,0.0106951985508203,0.1625078171491623,0.7177029764687493,1,C#,1,0.1126795148069921,0.9098993288590604,4.395973154362416,73.35199737548828,0.2101141810417175,1,Shiki no Uta (Single),MINMI,imagine [Deluxe Edition] (2024 Remaster),https://i.scdn.co/image/ab67616d0000b273393952ac558b6026276b28e3,2wf75LSz6tf7gNgdTd0XCG,spotify:track:2wf75LSz6tf7gNgdTd0XCG
audio/Nick Drake - Pink Moon.mp3,Nick Drake - Pink Moon,7.877497325848981,1.9531605477804108,4.7408988763915145,5.150904300956161,5.661337989278258,52.70426341617217,51.704146640363184,58.44713705122168,1.0,4.963143892774416,0.9215007101511624,0.0395942106850064,20.77414703369142,,4.968705654144287,0.6733662452410124,0.9134625491533338,1177.4142728538418,2351.1238765450908,1727.09970665247,0.0203434359282255,0.189647763967514,0.2668523676880173,3,D#,1,0.0273244623586835,0.7748522796876273,4.455393823969528,36.550907135009766,0.1332485973834991,1,Pink Moon,Nick Drake,Pink Moon,https://i.scdn.co/image/ab67616d0000b273e369195caf5d169bf5e9eafc,4KROoGIaPaR1pBHPnR3bwC,spotify:track:4KROoGIaPaR1pBHPnR3bwC
audio/Radiohead - Go Slowly.mp3,Radiohead - Go Slowly,7.149599638434691,6.402594751229506,6.693490255565423,4.387233240983364,4.095543417263517,48.045308447406136,54.56352168706517,54.56957676718676,1.0,12.44516215548607,0.5853374882394355,0.2132714353356783,25.2295726776123,,2.866826057434082,0.333253018765731,0.9642231888099508,1132.132955425196,1958.1096685648208,1667.5116315616222,0.0012157288147136,0.1208489909768104,0.6847405900305118,2,D,1,0.0644579238742641,0.8484147679324057,1.9365907172962245,68.43889617919922,0.2720381617546081,0,Go Slowly,Radiohead,In Rainbows (Disk 2),https://i.scdn.co/image/ab67616d0000b2734b88d5c1b3358cca2c94ec0b,6yiSyupeI7KYdBZKJdnIUO,spotify:track:6yiSyupeI7KYdBZKJdnIUO
audio/Slowdive - Just for a Day.mp3,Slowdive - Just for a Day,4.81878929030013,1.0,3.2602826379365246,5.007640938592666,4.405260635904091,47.83899836485784,61.875242980259664,56.19587153663456,1.0,6.108261547228649,0.9999529897415018,2.3505139991402073e-05,21.96868085861206,,2.2917141914367676,0.4641467797932185,0.9661870532667703,1890.1515535244905,3894.8633108566055,2175.6354203215014,0.0084542213007807,0.1096806079149246,0.8342350746268579,4,E,1,0.0806959362621564,0.526945627378877,1.5990698467674225,31.458599090576172,0.0894651859998703,1,Slowdive,Slowdive,Just For A Day,https://i.scdn.co/image/ab67616d0000b2732dd4e9cdd4ecf1e9c691bdf4,7fgHvYrA6d92B3ClbjZinS,spotify:track:7fgHvYrA6d92B3ClbjZinS
audio/Cocteau Twins - Iceblink Luck.mp3,Cocteau Twins - Iceblink Luck,1.0,7.684547062605413,3.005238889381363,7.697516222714643,4.496547313855157,38.85407442167461,70.40923800042869,54.13247250739338,1.0,7.984606547722564,0.4829018252584827,0.2591396810143004,4.816217422485348,,2.258862018585205,0.563586031889606,0.9448063584714308,3094.488979787627,6269.015738014651,2694.8774616469223,0.0371739864349365,0.1109923869371414,0.7907418397626019,9,A,1,0.0617613998446727,0.8653102103851787,2.6124084154071476,86.39224243164062,0.2346229553222656,1,Iceblink Luck,Cocteau Twins,Heaven or Las Vegas,https://i.scdn.co/image/ab67616d0000b273fe6211303e796f3d5b7a0e02,0Coai3QxvjCXWMhVN1hpgE,spotify:track:0Coai3QxvjCXWMhVN1hpgE
audio/Mariya Takeuchi - Plastic Love.mp3,Mariya Takeuchi - Plastic Love,1.3566985965590823,3.5954333136944077,2.839729475869743,6.6138688029090575,6.443874137155552,38.94519374996548,67.45575446290223,53.63854299821266,1.0,3.6280216355044463,0.7954981383847878,0.1022589558513131,18.044552326202393,,6.1303558349609375,0.5270639659504015,0.9675915438567074,2465.6753407791043,5017.4266938888395,2362.329675432524,0.0213272850960493,0.1409554928541183,0.8596794823564754,2,D,0,0.0509446778617188,0.9012621795669692,4.050487182678772,84.07521057128906,0.2081817239522934,1,Plastic Love,Mariya Takeuchi,Expressions,https://i.scdn.co/image/ab67616d0000b273ba6b3322182afc4136521d2c,7rU6Iebxzlvqy5t857bKFq,spotify:track:7rU6Iebxzlvqy5t857bKFq
audio/Portico Quartet - Ruins.mp3,Portico Quartet - Ruins,6.870946918378698,2.6961564340739095,4.7314382279898,4.811539261872482,5.242920523330946,49.091221857758995,56.94236973679891,57.88857229242029,1.0,5.022049376972799,0.8680759552275896,0.0706210078837037,20.25077896118164,,4.622613906860352,0.5926482192545366,0.9638185322778342,1257.1029192851477,2571.160694243832,1620.7236114541647,0.0045301406644284,0.1476278603076934,0.5211326254424282,2,D,0,0.2847813716622702,0.8975181366908065,3.9007254676322582,64.66502380371094,0.1936045885086059,0,Ruins,Portico Quartet,Portico Quartet,https://i.scdn.co/image/ab67616d0000b27324bed9e0a2200bac2eb3f248,41SnX1GhhrekILw4cS8zhc,spotify:track:41SnX1GhhrekILw4cS8zhc
audio/Codeine - D.mp3,Codeine - D,1.0,5.69004612849913,2.941402662554162,6.515324148984432,4.866897278749234,38.085607238450166,71.51135896557163,53.247546312214936,1.0,10.064084036151732,0.6353395423441912,0.1825944329052748,15.888673019409184,,4.042930603027344,0.447885222893998,0.9334769858260517,2729.76566627071,5541.946772047858,2472.6732501984593,0.0443688631057739,0.1847587823867797,0.2844251626898023,4,E,0,0.0524671783403609,0.4561243497855636,1.240665057210817,26.968944549560547,0.078988216817379,1,D,Codeine,Frigid Stars,https://i.scdn.co/image/ab67616d0000b273cfb1b30a73e33be30834b28b,2bMMG4vn7pHC20gj8Yb34m,spotify:track:2bMMG4vn7pHC20gj8Yb34m
audio/Kahimi Karie - KKKKK.mp3,Kahimi Karie - KKKKK,2.987552137640021,1.4610696036896749,2.1752385463530786,6.516781949022232,8.238486367356392,44.00193146261418,62.379241407833206,53.135870474480384,1.0,2.783277218090313,0.9590078338584852,0.0206317839710346,14.950526714324951,,6.995450496673584,0.4895545292147228,0.978310195867608,2225.1491594605936,4784.573103567918,2352.056820636676,0.0292565952986478,0.2015908509492874,0.9964584218727724,10,A#,1,0.0615170657314058,0.8904492673662262,3.617970694649045,67.32836151123047,0.168854147195816,1,ZOOM UP !,Kahimi Karie,MY FIRST KARIE,https://i.scdn.co/image/ab67616d0000b2734f9a7695de17eef806093f99,6tUIqZ0gLXtFM28bH079mH,spotify:track:6tUIqZ0gLXtFM28bH079mH
audio/Tortoise - TNT.mp3,Tortoise - TNT,2.9478419672746368,7.63991741269353,4.756015914425319,6.368302110341097,4.710206376951929,43.89813757305829,58.978027301781104,59.13737187802624,1.0,8.347106719871347,0.4858981659705055,0.2571170266933646,27.438676834106445,,3.341233730316162,0.6258877076810121,0.96427744919436,2196.921850909168,4962.002795748632,2485.9216841835237,0.0203538332134485,0.10602568089962,0.7491158833478513,2,D,1,0.3227325855777825,0.5466810703263448,2.7128645848662334,28.57588005065918,0.0922212526202201,1,TNT,Tortoise,TNT,https://i.scdn.co/image/ab67616d0000b273f0ab8d3ff9f76a2aab54ebfa,7noqdg2Oc77zl0lZsOsioI,spotify:track:7noqdg2Oc77zl0lZsOsioI
audio/Flying Lotus - Breathe  SomethingStellar STar.mp3,Flying Lotus - Breathe  SomethingStellar STar,2.6784413915879712,2.0330306598465295,2.058762885458914,7.7633483673273425,4.99435089148607,43.49805197917212,65.72466556223449,61.47820132207608,1.0,3.7693113505878326,0.9151170658278288,0.0424508088302865,12.255026006698609,,4.603540420532227,0.7820745221680209,0.9561853078941144,2303.4642661782805,4904.510557304308,2348.538822356321,0.0173293575644493,0.1332767903804779,0.4173601479426674,9,A,1,0.0262194167882195,0.9414929979425236,5.659719917700936,116.14990234375,0.3045261204242706,1,Breathe . Something/Stellar STar,Flying Lotus,Los Angeles,https://i.scdn.co/image/ab67616d0000b273650c4762a44fdfbe2a42a571,5HUjBjdbGM53qepQbGae0T,spotify:track:5HUjBjdbGM53qepQbGae0T
audio/Toninho Horta - Diana.mp3,Toninho Horta - Diana,5.845432125726622,1.101886332753673,3.441932258016537,5.197288483450665,3.4834143400089905,48.44644623268477,58.802007579606965,53.37609323083662,1.0,5.18006383700786,0.9864219160921792,0.0068186478406623,16.07628593444824,,2.837064743041992,0.4241417167760655,0.9446384141919808,1574.7063349545003,3217.0243169063187,2111.943813557878,0.0207011364400386,0.1163719445466995,0.4583551050266438,2,D,1,0.0003437905764371,0.7307701637091887,3.3711377642260074,39.11870193481445,0.1235338523983955,1,Diana,"Toninho Horta, Orquestra Fantasma",Terra dos Pássaros,https://i.scdn.co/image/ab67616d0000b2730c98631e593543cabf4cf084,7Er2863ykTNoiHhhJcNyMp,spotify:track:7Er2863ykTNoiHhhJcNyMp
audio/sugar plant - cage of the sun  early singles.mp3,sugar plant - cage of the sun  early singles,5.215275719855759,1.1880011094075382,2.6211362386704264,4.822854211911125,6.049138957944648,47.36306451935722,60.06434365326463,54.425218903866075,1.0,12.621381637345984,0.9798088461210132,0.0101001072728538,6.8134513854980465,,3.6044914722442623,0.5982711362173824,0.9500799672415662,1703.1426269187905,3581.2597020606117,2073.484946349676,0.0098441392183303,0.2062990963459015,0.4570207691543232,7,G,1,0.0325998822592666,0.7891372063873036,2.0844033555897963,39.504520416259766,0.1773035079240799,1,cage of the sun + early singles,sugar plant,cage of the sun + early singles,https://i.scdn.co/image/ab67616d0000b273d3a00c5dd35688cfd12e337c,24Q9hnm3JvritocfjCnSwC,spotify:track:24Q9hnm3JvritocfjCnSwC
audio/Beach House - Silver Soul.mp3,Beach House - Silver Soul,4.867142310858796,8.703125809163819,7.002107266396819,4.447277031988525,6.034455369065742,47.46935635245739,59.67512877425983,56.56319605712939,1.0,6.641215808886294,0.4053852174770366,0.298479191125001,43.209410667419434,,2.4064676761627197,0.4458375313920805,0.9703812926022424,1811.39043659828,3963.908451687619,2057.659701272194,0.0086203627288341,0.1793641000986099,0.8658586408824672,9,A,1,0.0192854991350674,0.2126951645752969,2.27869208074086,9.094356536865234,0.0303485170006752,0,Silver Soul,Beach House,Teen Dream,https://i.scdn.co/image/ab67616d0000b2739ba6a1b973e91955ab23c50c,2LZ2CNbcbJrwh53pitRgom,spotify:track:2LZ2CNbcbJrwh53pitRgom
audio/Boards of Canada - Music Is Math.mp3,Boards of Canada - Music Is Math,2.9274630797170795,1.72430823596937,3.060158703301256,6.3290010829430425,7.184969463257739,41.62456544060563,67.32779988201969,60.4430530640829,1.0,5.528654469742947,0.939122609423658,0.030909131269099,22.094913864135737,,6.330842018127441,0.7070364315200304,0.979412562448059,2079.09661258382,4414.357173450588,2198.2436534462126,0.0166904628276824,0.1438629478216171,0.940212289696,4,E,0,0.0034305200420585,0.8893884962559366,3.728679193499184,49.36191940307617,0.1585959792137146,1,Music Is Math,Boards of Canada,Geogaddi,https://i.scdn.co/image/ab67616d0000b273f497660a1c41cb83c94a9066,3MF9cjIlg3R9osw3SgRmEb,spotify:track:3MF9cjIlg3R9osw3SgRmEb
audio/Susumu Yokota - Grinning Cat.mp3,Susumu Yokota - Grinning Cat,6.376003884096635,6.1178117915354235,5.444796131217643,4.8873153235603235,5.17022069112693,48.049089476285154,59.45041765330692,58.275689197490856,1.0,6.881167137867282,0.6049547242497191,0.2007365847538291,16.743298053741455,,2.9482362270355225,0.5522984861365329,0.957827356545518,1379.8692064169986,2655.970247126808,1703.8180598191148,0.0090258028358221,0.1389746814966201,0.74987350312025,9,A,0,0.322544804642373,0.8726731796969054,2.9417941312355933,49.85472106933594,0.1557589769363403,0,I Imagine - 2025 Remaster,Susumu Yokota,Grinning Cat (2025 Remaster),https://i.scdn.co/image/ab67616d0000b2739ecbdcd73238967940361c9f,5Xc7BJpKM40tMt6sy1t4kK,spotify:track:5Xc7BJpKM40tMt6sy1t4kK
audio/The Roots - Things Fall Apart.mp3,The Roots - Things Fall Apart,4.056670715555496,10.0,5.789259417706694,3.8690645189197177,2.965873108800163,44.362537044250814,60.974995185008915,49.27574121147376,1.0,4.958146137919268,0.2383665978389242,0.3814777624491506,18.82335586547851,,3.569774389266968,0.2688166357092076,0.9368256645057658,1918.8748468846968,3834.7456364473182,1986.9632895663308,0.0118215512484312,0.1301603019237518,0.2231333621061621,6,F#,0,0.0637888644103097,0.5381011664094831,4.591078066914498,29.66149520874023,0.0736065730452537,0,Act Won (Things Fall Apart),The Roots,Things Fall Apart,https://i.scdn.co/image/ab67616d0000b273bac8015c7e47644fb86e27e2,4x7uHC8or1AwVeRCh1mULV,spotify:track:4x7uHC8or1AwVeRCh1mULV
audio/Slowdive - Souvlaki.mp3,Slowdive - Souvlaki,2.297858304940269,3.307903355814706,3.196128578470132,6.932686526840293,5.896684639008528,40.48249654140293,67.50977317362572,57.54892783262589,1.0,21.287067729595822,0.8175089597854274,0.0912503872475192,16.471245765686035,,2.367663860321045,0.5096422960578659,0.970887333715374,2291.575854900697,4348.134559815595,2095.867346342445,0.0264888014644384,0.1559146046638488,0.9671385561463008,4,E,0,0.0439935715732483,0.8610387438729009,2.441549754916036,85.6867904663086,0.2605015933513641,1,Souvlaki Space Station,Slowdive,Souvlaki,https://i.scdn.co/image/ab67616d0000b273f6e31941d10e4819d290af41,76JhicgPtW4zbN72tpnMyA,spotify:track:76JhicgPtW4zbN72tpnMyA
audio/Kokoroko - Da Du Dah.mp3,Kokoroko - Da Du Dah,5.219240279003492,2.582235765075353,5.18115177363339,6.1201267647267334,8.03834250657189,46.14977142436062,60.21660169590959,62.81371844254081,1.0,2.765813922995787,0.8730714694119288,0.0634756781270449,36.05554437637328,,7.382302284240723,0.769901326206189,0.9654489721825024,1620.8196332483824,3345.4614334637527,1901.8609626372224,0.0122411893680691,0.1784804761409759,0.8250214551349211,4,E,0,0.0502640229993233,0.8723830895706889,2.8953235828275523,57.39753723144531,0.1594323217868805,1,Da Du Dah,Kokoroko,Tuff Times Never Last,https://i.scdn.co/image/ab67616d0000b273f4432ae33c0e693f94d2435f,0VcvKN17fqyvbznfwypjDB,spotify:track:0VcvKN17fqyvbznfwypjDB
audio/Nina Simone - Wild Is The Wind.mp3,Nina Simone - Wild Is The Wind,6.828902799532145,2.0539610954413576,5.2624322231763045,3.879255538567459,2.744354432475957,48.40771533514936,55.71608705027971,52.599868404740576,1.0,6.604845872959215,0.9209458888285196,0.0488049884716511,27.92805681228637,,1.8060866594314575,0.2976740140661196,0.9421644205867834,1256.083977574414,2330.038452824054,1721.7215551491863,0.0098301442340016,0.1401736289262771,0.2305733894177539,4,E,0,0.1053689764995886,0.6964368509843251,1.63517650443038,34.583248138427734,0.1344173848628997,0,Wild Is The Wind,Nina Simone,Wild Is The Wind,https://i.scdn.co/image/ab67616d0000b273f94461acebee60775ea22e77,3muwYfpLZGYsvrrssEzrxF,spotify:track:3muwYfpLZGYsvrrssEzrxF
audio/Pale Saints - She Said Destroy.mp3,Pale Saints - She Said Destroy,1.6612493682085,1.0,4.455426197386636,4.909750478897024,5.325212064124464,39.39922937472619,60.440826746264065,39.443355428636856,0.0,1.106056351683758,0.999999897860563,5.106974895334233e-08,52.32691383361816,,5.913811206817627,0.1206887657210819,0.9225422297979864,2456.3600369424043,4555.3712821947365,2266.702495395751,0.037988219410181,0.2019899636507034,0.2950257289879678,2,D,0,0.0111193773303137,0.3031474160275806,3.8059480139491937,17.208322525024414,0.0314246341586113,1,She Said Destroy,Pale Saints,The Comforts of Madness,http://coverartarchive.org/release/c0df3eca-8196-40ea-9f9b-962f39cbbe4f/30483103087-500.jpg,,
audio/Stereolab - Brakhage.mp3,Stereolab - Brakhage,6.2718769904572,1.3442798104940823,4.207549185652421,6.23002718494599,8.22870305362998,48.88953885132794,55.293832998098,60.244819861464435,1.0,4.383926219443431,0.9678405902418468,0.0160798373596994,24.810013580322263,,6.955173969268799,0.7773039533774196,0.963777243636399,1425.257031469339,3120.034502509573,2081.4475751317036,0.010075619444251,0.2175410687923431,0.6421696058455656,2,D,1,0.2077850913072676,0.906137784950575,4.245511398022998,68.91583251953125,0.1909870952367782,1,Brakhage,Stereolab,Dots And Loops (Expanded Edition),https://i.scdn.co/image/ab67616d0000b2735e70712e0193f7a9bbc23c0d,6Wi3gizHOtRi7DSsX3XWZA,spotify:track:6Wi3gizHOtRi7DSsX3XWZA
audio/Lee Scratch Perry - Super Ape.mp3,Lee Scratch Perry - Super Ape,6.221943919717527,2.3043772121773207,3.740493821041451,6.471759889220623,8.079073261152724,49.54864503179182,59.3063208203693,63.141162769109485,1.0,2.4536297799967675,0.8946066242406057,0.0530351856493859,13.481661295890808,,6.536027431488037,0.8084954827663939,0.9761003098379916,1531.7973620842365,3070.1156616210938,1742.9286474648122,0.0058322860859334,0.1707174628973007,0.9612279843444168,9,A,0,0.2397271052552859,0.8773693729356222,3.094774917424889,133.2147979736328,0.3566409945487976,1,Super Ape,"Lee ""Scratch"" Perry, Subatomic Sound System",Super Ape Returns to Conquer,https://i.scdn.co/image/ab67616d0000b2737fec92b989926671ab4b880b,5LrCQEMoLzVRKknRZU7qZs,spotify:track:5LrCQEMoLzVRKknRZU7qZs
audio/John Carroll Kirby - Cascata di Malbacco.mp3,John Carroll Kirby - Cascata di Malbacco,8.445623197431512,10.0,8.152244544218899,2.0450170347745846,1.4790765463758688,48.64556081127853,50.50419893496496,55.02674720904564,1.0,11.088563745383889,-0.1225515981113889,0.5612188428238016,20.44425983428955,,0.7914722561836243,0.2628849159939356,0.9615551400404104,502.6380891555234,786.3179770707397,795.7652304011555,0.0004109236469957,0.0883936807513237,0.2552080001705787,1,C#,1,0.3518323814941564,0.1164778234202978,0.7980020639869264,4.142658233642578,0.0215015467256307,0,Cascata di Malbacco,John Carroll Kirby,Tuscany,https://i.scdn.co/image/ab67616d0000b2732f4a0059d28e9bedd51c876c,3sCaGhYUT0HytB06FG9M23,spotify:track:3sCaGhYUT0HytB06FG9M23
audio/Ishmael Ensemble - The Chapel.mp3,Ishmael Ensemble - The Chapel,6.666125972078039,4.155143074657092,5.460735303327906,5.216948882816899,4.76282748449594,48.883155035142345,56.46841806334587,64.42892385912764,1.0,5.398380769674692,0.7538080380605903,0.1245525484620461,25.8961238861084,,2.2449657917022705,0.7593531249734378,0.9438281346244084,1310.1763243559324,2709.0326472882007,1638.4857588789184,0.0068124085664749,0.1087336093187332,0.7634058877491389,1,C#,1,0.1595778156954923,0.6935710624576865,2.334611526017419,36.006813049316406,0.1257494688034057,0,The Chapel,Ishmael Ensemble,A State of Flow,https://i.scdn.co/image/ab67616d0000b2733a197088accb8780495ceffb,07hlBgJ6DejBq18rvPnS7E,spotify:track:07hlBgJ6DejBq18rvPnS7E
audio/Cuushe - Cuushe.mp3,Cuushe - Cuushe,6.802424010460927,3.139983749377312,6.156242515157822,5.25564176179057,2.782363264441993,48.13611769300755,56.96232748308837,54.11544885782799,1.0,9.57551737040814,0.8305297395841409,0.0849455677974036,36.08879413604735,,2.434191942214966,0.3405680039714062,0.9627951325678076,1232.197752972707,2369.437639307907,1590.1549487841437,0.0342190265655517,0.1280635148286819,0.2402909290517343,0,C,0,0.0664343125702787,0.8416685820861217,1.6667432834448654,52.55773162841797,0.1807231307029724,0,kioku (feat. cuushe),"taiyo computer, cuushe",kioku (feat. cuushe),https://i.scdn.co/image/ab67616d0000b27375098498dc36389c9e14f91e,5O1uUTsCbZd7J6M8STmSdK,spotify:track:5O1uUTsCbZd7J6M8STmSdK
audio/Milton Nascimento - Clube da Esquina 2.mp3,Milton Nascimento - Clube da Esquina 2,2.9397399438822314,7.546046781436537,4.072959030532861,4.335792344330883,5.119263641720145,42.23515914064629,62.13235076070432,49.34878752198629,1.0,4.972356085800225,0.4931923170757269,0.2536039001765949,12.111410140991213,,3.5725038051605225,0.3926371598465587,0.9628939254552062,2130.200597553437,4452.50949334921,2197.01613944386,0.0167043171823024,0.1282748878002166,0.8573552841210743,6,F#,0,0.1274422619290239,0.511212138754851,4.574565416285453,24.55776023864746,0.0748504325747489,1,Clube Da Esquina Nº 2,Milton Nascimento,Clube Da Esquina,https://i.scdn.co/image/ab67616d0000b27336ebd83756dae33f2504dc40,1sdW2whJr8CLa6bMA67LPQ,spotify:track:1sdW2whJr8CLa6bMA67LPQ
audio/Yellow Magic Orchestra - Rydeen.mp3,Yellow Magic Orchestra - Rydeen,1.7625730093534613,4.985888064284722,2.324475577080656,7.620051857478442,6.3172451063165065,42.54022752006766,66.97305520694752,57.481408956621486,1.0,3.539131714295755,0.6890684722210865,0.1555035212137685,10.092195796966552,,6.03338098526001,0.7351322908635668,0.971715775768366,2590.332339728668,5743.916596400055,2649.3562584534657,0.0204626899212598,0.1044420674443245,0.999999999999991,2,D,0,0.1012162127646093,0.9082225977356924,4.328903909427697,95.0671157836914,0.2524934113025665,1,RYDEEN,"YELLOW MAGIC ORCHESTRA, 吉沢典夫",Solid State Survivor,https://i.scdn.co/image/ab67616d0000b273c70aa05c55b6fb116863f6f5,0RAXoT7hwOoqAXI95ryxT5,spotify:track:0RAXoT7hwOoqAXI95ryxT5
audio/DJ Krush - Milight.mp3,DJ Krush - Milight,3.2132586203735696,1.0256928333999025,3.076046523905662,7.719377223763067,7.056630248851332,44.63118028349216,66.28163531558971,68.27864750378353,1.0,5.60267214255674,0.9925064444804932,0.0040896141461807,26.688855743408197,,6.493393421173096,0.9213866104275996,0.961533160769767,2230.586376935079,4532.457308297898,2239.6612385121816,0.0255115330219268,0.1506698578596115,0.7335044929396474,7,G,0,0.0779324706651282,0.8550148321075636,2.20059328430254,50.12321853637695,0.1604134887456894,1,Intro,DJ KRUSH,Milight,https://i.scdn.co/image/ab67616d0000b273af241f5ca058f2594e7072ae,0AhPh995wNxL5mkshrDZNg,spotify:track:0AhPh995wNxL5mkshrDZNg
audio/PinkPantheress - Close to you.mp3,PinkPantheress - Close to you,5.749036890182193,3.459159489728577,5.0384141761422985,6.414233919862278,7.139965419330622,48.88965362734224,56.62667899553681,58.97804016607125,1.0,6.550308612671562,0.8060132956866154,0.0971036574240349,31.635034418106077,,5.207319736480713,0.6737468797631683,0.939360864863488,1620.063876896843,3460.4074928977275,2033.905555625399,0.0098336115479469,0.2212086468935012,0.5007856341189562,4,E,1,0.1967976955642384,0.9309916878901164,5.239667515604661,90.39015197753906,0.2537633180618286,1,Close to you,PinkPantheress,Close to you,https://i.scdn.co/image/ab67616d0000b273ee1d2c0d03580fbc6efcc1fd,6CBurTHmYJhIcDD72Qgjnm,spotify:track:6CBurTHmYJhIcDD72Qgjnm
audio/缺省 - 鴿哨.mp3,缺省 - 鴿哨,4.476124425623012,9.304054467622429,5.376693066952971,4.463505526406644,1.7243395215018589,44.34730398104034,63.67403924979923,53.88868905055597,1.0,5.940067581168192,0.35886707470942,0.3211010211618627,11.8421139717102,,1.498091220855713,0.2922801933308798,0.9446576532001778,1776.5428527732165,3487.684379757344,1726.370890879767,0.0050627519376575,0.0771040394902229,0.3778774089935734,4,E,1,0.2560075659015275,0.8218300967181289,0.8732038687251562,63.849124908447266,0.2080825120210647,0,鴿哨,缺省,California Nebula,https://i.scdn.co/image/ab67616d0000b2736ef15af90a01c3453339a2f2,27pcK7Kva8Wk3DM7j5dUrJ,spotify:track:27pcK7Kva8Wk3DM7j5dUrJ
audio/Burial - Rival Dealer.mp3,Burial - Rival Dealer,1.9787115878676096,3.03298517388144,3.711265518328273,6.572094487946306,3.033846835273469,37.96194669840264,70.44957005677887,56.44033581029403,1.0,4.764468445032586,0.8385540523693724,0.0807244727291271,26.221852779388428,,2.459638833999634,0.5777948047447182,0.9569130899462605,2263.8953816636376,4453.031718985968,2123.3171350026696,0.0282595288008451,0.0923803225159645,0.4173528459961871,10,A#,1,0.1044502240882327,0.8590002726314667,2.3600109052586693,69.5348129272461,0.1777995824813842,1,Rival Dealer,Burial,Tunes 2011-2019,https://i.scdn.co/image/ab67616d0000b273c1a5e3a32474252e10a0a4c6,6U8zeE9qtmNYPnMwKw5SHL,spotify:track:6U8zeE9qtmNYPnMwKw5SHL
audio/DAngelo - Untitled.mp3,DAngelo - Untitled,3.889057346251766,3.7501496630788336,5.000941924974807,6.201470344404588,8.114215213369643,41.00028678835515,63.74405174981662,58.33117590882958,1.0,4.962707129246612,0.7838066606000528,0.1082963187916324,29.518284797668457,,8.33690357208252,0.6116789720452113,0.970017983773968,1729.164746629433,3431.16417264446,1940.193474113874,0.0189008247107267,0.1664305031299591,0.9900273585738152,4,E,0,0.0113737537059868,0.8377227204123663,1.5089088164946518,73.52195739746094,0.2184404730796814,1,Untitled (How Does It Feel),D'Angelo,Voodoo,https://i.scdn.co/image/ab67616d0000b2732b3dc336a7a69293c25d9ade,4oPNN7syJYSjzDhRerF966,spotify:track:4oPNN7syJYSjzDhRerF966
audio/For Tracy Hyde - Archangel.mp3,For Tracy Hyde - Archangel,2.336484937702767,3.178728319516394,2.9762469266223017,7.875211830179479,4.445961873162695,40.06465645431558,64.81624430207202,56.08578640048555,1.0,6.822281679731779,0.8273959880670145,0.0863035812170279,16.249701738357544,,3.028639078140259,0.5054511746225413,0.9641030291685362,2184.9347288117565,4548.6550558143945,2239.6784882421766,0.0414653047919273,0.129389226436615,0.605859534503873,1,C#,1,0.1742564271964184,0.8645193594716325,2.5807743788652995,102.55329132080078,0.2646578550338745,1,Interdependence Day - Part I,For Tracy Hyde,Ethernity,https://i.scdn.co/image/ab67616d00001e020abf1f0e5f9210aa398dcd4d,4jTiyLlOJVJj3mCr7yfPQD,spotify:track:4jTiyLlOJVJj3mCr7yfPQD
audio/Amparo - You Say You Love.mp3,Amparo - You Say You Love,7.604508779255436,8.754384646722368,6.840200015655111,4.6471308219890135,6.289869001069718,51.215971794090905,55.83348469728547,59.837969182331655,1.0,8.710856497701547,0.401074211278688,0.3001524863323286,21.57930908203124,,3.264232397079468,0.6959374267321787,0.9689429958939962,1158.8063049057284,2343.219701414968,1530.1318099400537,0.0023118529934436,0.1453455239534378,0.942541823596383,10,A#,1,0.1416117341215026,0.8760147879885318,3.040591519541271,56.10976791381836,0.194645494222641,0,You Say You Love,Amparo,Keep Your Soul Young,https://i.scdn.co/image/ab67616d0000b2734bee9531934970953235413c,2K1TlTFA1kAOu0kyTXY9z4,spotify:track:2K1TlTFA1kAOu0kyTXY9z4
audio/Haruomi Hosono - Hosono House.mp3,Haruomi Hosono - Hosono House,5.374036823370767,3.596368915894186,4.079049826988961,6.919517809130475,7.819680020763872,48.64196214319553,57.431353735207736,65.74828467297546,1.0,5.789553301384768,0.795422940256152,0.1022921044648352,21.43392066955566,,5.25730562210083,0.8010601647950693,0.9587397820320356,1712.0063454410883,3805.464086396152,2177.58230647415,0.0219805836677551,0.1958819329738617,0.813714849531319,5,F,1,0.0909049285763939,0.6788617830604061,2.5708215297450425,34.654327392578125,0.1219995841383934,1,Koi Wa Momoiro,"Haruomi Hosono, Pearl & The Oysters",Hosono House Revisited,https://i.scdn.co/image/ab67616d0000b27339d65beb6e083cbd6762c4e5,2YgXqjMM0Oi6MJkkQiAknK,spotify:track:2YgXqjMM0Oi6MJkkQiAknK
audio/Flying Lotus - Cosmogramma.mp3,Flying Lotus - Cosmogramma,1.0,4.072151733360513,4.473703936393218,8.095399105533502,4.657636424173781,38.26763182774721,67.00439604555524,54.90524622198078,1.0,9.42167503680391,0.7593822280806792,0.1207930473066465,44.6449849128723,,2.872522354125977,0.535349378516541,0.9410061705456264,2674.3640061253063,6034.70980552293,2702.7771531480585,0.0382814332842826,0.1601647287607193,0.448183676678716,10,A#,0,0.1194356521388998,0.926320780276348,5.052831211053915,119.75965118408205,0.3151115775108337,1,Do The Astral Plane,Flying Lotus,Cosmogramma,https://i.scdn.co/image/ab67616d0000b2736f0c962b04f02c839726f41f,1TtSn2KTXMZh6iOJJ74cUv,spotify:track:1TtSn2KTXMZh6iOJJ74cUv
audio/Robin Guthrie - Search Among the Flowers.mp3,Robin Guthrie - Search Among the Flowers,2.370086912038298,8.078909624815848,5.925033675637453,4.3690787233772355,4.286404917739688,39.23418759788564,65.10212996562039,54.419000490680126,1.0,10.966249788676382,0.4528860878035752,0.2743679903088472,31.117961883544925,,2.046354055404663,0.4210483196768704,0.980855797349968,2191.043405688227,4015.763032284661,1787.6800387317608,0.0174706038087606,0.1634384095668792,0.4606311433005643,9,A,1,0.0013554713342548,0.484406099835819,2.901069518716578,25.57408332824707,0.0775304585695266,0,Search Among the Flowers,Robin Guthrie,Carousel,https://i.scdn.co/image/ab67616d0000b27323d2b849c81c6cc3eb9b58c8,7Fbr8SGWhzI2j1zzFjrFZH,spotify:track:7Fbr8SGWhzI2j1zzFjrFZH
audio/Big Issue - Standing Man.mp3,Big Issue - Standing Man,6.379146396894228,1.0,4.0377928838719575,4.071058279822164,2.5737973904399745,46.51255348633118,57.96398445709585,55.23270496738473,0.0,8.158487610921464,0.9999999398541166,3.00729394874485e-08,18.293469619750972,,2.1845169067382812,0.277470204792192,0.9443878594562872,1216.748637596263,2641.5503639356084,1746.07127349356,0.0027924543246626,0.1055115833878517,0.4015582858855139,4,E,1,0.0703755794988014,0.5886580569434211,0.9035356429737592,39.20787048339844,0.0992467328906059,0,Standing Man (Feat. Sukhoon Jang),"Big Issue, 장석훈",Seat,https://i.scdn.co/image/ab67616d0000b2737f6199ae737d54a36114c44d,0L3oBMLsdQmTchJiM4ArEn,spotify:track:0L3oBMLsdQmTchJiM4ArEn
audio/Mono - Moonchild.mp3,Mono - Moonchild,2.6153097302566395,4.739477627764584,5.425573608152845,8.314292421860543,4.819973701955685,41.920644175856374,65.02222661609855,59.89581256960591,1.0,7.494367148888692,0.7079178095702277,0.1460590252863687,77.64992337226867,,4.423614501953125,0.6309950952735495,0.9625014562973276,2200.786833674395,4742.596649137559,2269.3071700540404,0.0828346982598304,0.1340133398771286,0.4744432661717871,4,E,0,0.3107290488494289,0.8828978962308471,3.315915849233882,87.82850646972656,0.2410622537136078,1,Moonchild,MONO,One Step More and You Die,http://coverartarchive.org/release/a5fbfbb8-2e1f-35f7-a7c1-3a7dc3dfbc7b/11071645602.jpg,,
audio/800 cherries - romantico - Remastered.mp3,800 cherries - romantico - Remastered,7.61349928266536,10.0,7.722708774754675,2.2440224169166423,7.511432607057587,50.62571713816212,54.66489080732168,47.82522135125614,1.0,7.136379620687127,0.0090616609402605,0.4957254749654291,25.32615451812743,,5.835099697113037,0.4037479845255336,0.9569054438479436,1153.4441790673668,2046.6210322880245,1315.981967729953,0.0093763787299394,0.2046450972557068,0.8615384615384374,9,A,0,0.039681679965536,0.5642105231620222,3.6626506024096384,20.558029174804688,0.1047888249158859,0,romantico - Remastered,800 cherries,romantico (2022 Remaster),https://i.scdn.co/image/ab67616d0000b27367ec35b49e51fe6e528b8e05,6hvops0FPOLydeg6SpaQQc,spotify:track:6hvops0FPOLydeg6SpaQQc
audio/Flying LotusAhu - RobertaFlack.mp3,Flying LotusAhu - RobertaFlack,2.5106399732116875,2.190663162868869,1.6121686533195612,8.822984162333636,5.150718402419725,46.09986858550417,65.20412301618848,66.00827696241019,1.0,3.231827257452983,0.9031023294533014,0.0485250801507435,11.87582415342331,,3.227322816848755,0.8665419851797325,0.9398838315539266,2691.316566265932,6127.745421184296,2812.81989471709,0.0204025041311979,0.1616028845310211,0.3489351163942502,7,G,0,0.0224681079553156,0.9451948375168884,5.8077935006755315,144.2146453857422,0.4032237231731415,1,RobertaFlack,"Flying Lotus, Ahu",Los Angeles,https://i.scdn.co/image/ab67616d0000b273650c4762a44fdfbe2a42a571,3BoHuxfxBUbulEWqZMNla5,spotify:track:3BoHuxfxBUbulEWqZMNla5
audio/The For Carnation - The For Carnation.mp3,The For Carnation - The For Carnation,7.305403332212118,2.0941914218738846,5.068321946683482,5.256194187131923,6.093754470728766,50.016842395592235,55.469655354884566,64.53029323847085,1.0,6.888784364271885,0.9117579533747104,0.0457809271743614,26.704153347015374,,5.134195327758789,0.8255165747838727,0.958774300170907,1148.8470455654424,2504.57499695817,1822.9702801939764,0.0077866767533123,0.126971036195755,0.7415419648666204,9,A,0,0.1457257504743253,0.4174025474350574,1.9457026368813604,20.10347557067871,0.0744417384266853,1,Tales - Live from the Crypt,The For Carnation,The For Carnation,https://i.scdn.co/image/ab67616d0000b273de4bf57e7bc31684b7ebe0d8,4ZQ2q08thTg6hu6W6SVLqy,spotify:track:4ZQ2q08thTg6hu6W6SVLqy
audio/Four Tet - She Moves She.mp3,Four Tet - She Moves She,2.6890945983624435,2.121082333947003,2.4262621925073167,7.589427453491132,6.018028172257506,43.126215700673114,63.40535019707377,56.770381332365815,0.0,1.9345707205199028,0.908890439334958,0.0462059883640411,17.757253742218015,,8.725088119506836,0.6675660924924506,0.9568926099188108,2247.277810953632,4956.4641083060305,2504.068519573394,0.0232690516859293,0.1242568865418434,0.4935615186508225,9,A,1,0.0488783097032709,0.95179595303284,6.0718381213136015,95.4619369506836,0.2112572342157364,1,She Moves She,Four Tet,Rounds (Special Anniversary Edition),https://i.scdn.co/image/ab67616d0000b273dca90a8f11f73b22d83c82e7,5nHG7C56sxZIlply71VbcO,spotify:track:5nHG7C56sxZIlply71VbcO
audio/Nala Sinephro - Melt.mp3,Nala Sinephro - Melt,6.521420653773958,8.139108725859323,6.419678299432531,5.572466910486154,2.4141030105648804,50.58236052258681,56.53608243407332,63.84499354031562,1.0,7.097561713051363,0.4477251667221394,0.2762598909765646,27.82751350402831,,2.38779616355896,0.6402762786449685,0.951564493247118,1470.551380065586,3161.978714910032,1941.200079460286,0.0079555157572031,0.0638178586959838,0.2821665355657923,4,E,1,0.4970868955313784,0.5346206330331323,2.0834423886623283,29.75324058532715,0.0912045389413833,0,Continuum 1,Nala Sinephro,Continuum 1,https://i.scdn.co/image/ab67616d0000b273ec683ef6d61a269b819c0a09,2HwPbhzKbOT0Tfa5QAXSER,spotify:track:2HwPbhzKbOT0Tfa5QAXSER
audio/Tim Hecker - Ravedeath 1972.mp3,Tim Hecker - Ravedeath 1972,1.4877470473677412,1.0221874735971357,4.05816295831117,5.273876052793459,3.4819638255175183,35.7248623628238,68.56533444589628,40.31049068430477,0.0,1.397753811502083,0.9925600241065564,0.00372125538486,40.423273181915285,,5.074566841125488,0.0787167202554582,0.934200865542476,2502.131441559359,4509.856447904064,2171.7740876226,0.0556722767651081,0.1387235224246978,0.2299406806119245,5,F,0,0.0092836159166721,0.4919027696369305,3.956689753207425,30.73569107055664,0.0625714138150215,1,The Piano Drop,Tim Hecker,"Ravedeath, 1972",https://i.scdn.co/image/ab67616d0000b273dd3e6ebb68966851e511f350,27Wy3mCVRdW9ih3jFxRvtb,spotify:track:27Wy3mCVRdW9ih3jFxRvtb
audio/Eriko Toyoda - Colorful Feathers Instrumental.mp3,Eriko Toyoda - Colorful Feathers Instrumental,10.0,10.0,8.056122693654917,2.6540652559448965,5.626285270141287,56.36699393497547,43.28086572690648,59.19628972731084,1.0,5.9922667754560015,0.2716571993312024,0.3664575906930265,19.07429103851318,,3.2730953693389893,0.4216037116139333,0.9466717546092108,586.0793476762818,881.6501598453048,811.4084546172335,0.0001291453372687,0.2022085338830948,0.4996314722682836,5,F,0,0.1082360483041469,0.3737962615127029,3.6187968835618594,13.928217887878418,0.0599271096289157,0,Colorful Feathers (Instrumental),Eriko Toyoda,Historical Record,https://i.scdn.co/image/ab67616d0000b2739a858b1167f6bab1d19759d1,0MUh0rY4RXOSr1hmi1JrhB,spotify:track:0MUh0rY4RXOSr1hmi1JrhB
audio/Spangle call Lilli line - nano.mp3,Spangle call Lilli line - nano,4.164299571134501,5.577910791335343,6.120857478944762,7.481945439952956,4.811124741751975,45.6976648615747,61.98913694388942,57.18911733868821,1.0,6.641530709983721,0.6437214483061781,0.1781500416484585,78.12878751754761,,3.2406094074249268,0.5724779964105652,0.9624338400248896,1929.0717258541545,4205.015276918317,2121.7715120717953,0.0603597722947597,0.1264079809188842,0.6809680968096771,11,B,0,0.0972871085086496,0.848814406890742,1.9525762756296736,77.1518783569336,0.2278555631637573,1,nano - TK kaleidoscope Remix,Spangle Call Lilli Line,SINCE2,https://i.scdn.co/image/ab67616d0000b273ca3f56f0371c7004cfb85bc4,4yuEl5oRIL0MNtFIzV8i49,spotify:track:4yuEl5oRIL0MNtFIzV8i49
audio/Boards of Canada - Wildlife Analysis.mp3,Boards of Canada - Wildlife Analysis,8.076397209465735,1.8449765243942389,5.526090471770168,1.5249347824605586,1.764857975104316,47.21917989228239,49.059261191911304,47.140428797015794,1.0,7.565588732904192,0.930281483757578,0.0358251784215869,17.8656307220459,,1.1242715120315552,0.016657656568487,0.9581767954075314,749.4525602718159,1010.0209419735378,713.2900378820768,0.0135285397991538,0.0853671953082084,0.4126496776174267,11,B,0,0.1111556766009275,0.2603545504888571,0.1322284908321579,11.015713691711426,0.0572863668203353,0,Olson,Boards of Canada,Music Has The Right To Children,https://i.scdn.co/image/ab67616d0000b2739effb26eea559ce6f3fed751,5DZ4M3yMat79ok25rZHuA9,spotify:track:5DZ4M3yMat79ok25rZHuA9
audio/Bowery Electric - Fear of Flying.mp3,Bowery Electric - Fear of Flying,5.807582432998146,3.21096066415819,3.51733420155843,6.584094970725642,6.497803790127795,50.3827687074618,64.42867067199298,68.91334106183662,1.0,6.243306288605951,0.8249693209433888,0.0875681114699914,11.06135096549988,,4.020276069641113,0.889938066279954,0.9792198808873248,1749.269830171837,3464.508895435746,1899.2544472238076,0.0039593833498656,0.1285773366689682,0.9510237148328108,6,F#,0,0.4200391830826933,0.8712116580413369,2.848466321653474,67.06356048583984,0.219651997089386,1,Fear of Flying,Bowery Electric,Beat,https://i.scdn.co/image/ab67616d0000b273a6e322d0a99bb257cce67eb2,4i1RRMLpGEDqT5vInUvwX7,spotify:track:4i1RRMLpGEDqT5vInUvwX7
audio/Flying Lotus - Youre Dead.mp3,Flying Lotus - Youre Dead,5.812024001842247,6.118472374852439,5.120709029420084,7.650424215543957,3.672306429469569,49.09856919537482,58.40497256556283,66.61531200366778,1.0,8.411779877740127,0.6024631313762708,0.1989378372402107,23.219308805465698,,1.9107451438903809,0.7400148925842601,0.9464561975996848,1578.8300387941856,3610.098013693456,2170.4890752911047,0.0055662160739302,0.1087363734841346,0.4522099447513687,0,C,1,0.3110452364882325,0.8139813695064085,0.5592547802563392,120.8640594482422,0.3339542150497436,1,Dead Man's Tetris,"Flying Lotus, Captain Murphy, Snoop Dogg",You're Dead!,https://i.scdn.co/image/ab67616d0000b273d7c4a4148cdd06da03368ae5,33spSpelFc51FItGAkAibr,spotify:track:33spSpelFc51FItGAkAibr
audio/Pasteboard - Slowdive.mp3,Pasteboard - Slowdive,5.750283532178678,5.70248049078068,5.631262169544918,5.363991513988743,5.674553031832471,48.796754786799326,57.30899411040203,62.4374269239443,1.0,14.867494031637223,0.6342014245436839,0.1829313293868116,30.02952661514282,,2.8805086612701416,0.5536256328739216,0.9645742004254496,1617.9507590408325,3420.1636148205894,1835.9046692203935,0.0082517908886075,0.1462279558181762,0.8682413432955662,4,E,1,0.0982408220283988,0.7768390394692603,2.2422145328719725,36.79727935791016,0.1817968785762787,0,Slowdive,Pasteboard,Glitter,https://i.scdn.co/image/ab67616d0000b2738184dc6dceeae9c042246281,0Y8I0R2iJBWlPX6daeIfOw,spotify:track:0Y8I0R2iJBWlPX6daeIfOw
audio/Floating Points - Shadow.mp3,Floating Points - Shadow,5.304782718549314,2.160279501362421,3.3684719595381223,6.210852122802503,4.307274469582829,48.42595243713048,60.31912431952961,63.32593244583926,1.0,4.813234447395117,0.9054272714100934,0.0473610657335926,17.67794885635376,,4.513790607452393,0.8118125822020521,0.9710818766713164,1719.9275834114414,3825.59512366288,2101.4699098017686,0.0076754624024033,0.0871123448014259,0.5141789588154908,0,C,0,0.0040988857784162,0.8768736213506285,3.618238409602736,51.36629104614258,0.145925298333168,1,Sais,Floating Points,Shadows,https://i.scdn.co/image/ab67616d0000b27379b8d29aef430e2a00ce8b63,65c7ctSEOiYbz61XtytvOV,spotify:track:65c7ctSEOiYbz61XtytvOV
audio/Alessandro Alessandroni - Prisma Sonoro.mp3,Alessandro Alessandroni - Prisma Sonoro,5.744055420791925,7.701016254659125,5.095227771769532,3.662104793889174,3.804955095109277,47.279347283497536,60.00310683991482,51.65601293816734,1.0,6.6259168877391375,0.4813255740069896,0.2595344679015011,10.546758651733398,,3.273158073425293,0.3628402944188659,0.933390929101332,1517.9331594323962,3138.377828744533,1842.320925831746,0.0071030338294804,0.1622048914432525,0.2319509812627632,9,A,1,0.0669795398912633,0.53873263158829,2.8111696411891707,25.80224609375,0.0940919741988182,0,World Of Sound,Alessandro Pierozzi,World of Sound,https://i.scdn.co/image/ab67616d0000b27320eb6ba17528cdda5dc23d40,37JuRzV6YDSjQHo4Cxuvka,spotify:track:37JuRzV6YDSjQHo4Cxuvka
audio/Burial - Archangel.mp3,Burial - Archangel,7.404362258879232,2.0936742234841828,4.436008801950044,6.021828169974209,6.135507781954503,52.23377159094302,56.223253233272374,63.65281337384877,1.0,4.2307247979401055,0.9108295392572252,0.0450377890781625,20.13207130432128,,4.416007995605469,0.7705160032331595,0.9604885152489242,1291.292164340285,2716.1993338581274,1737.6394724082988,0.0056221187114715,0.1225419119000434,0.8941210880374292,4,E,0,0.108920876371182,0.920299547028952,4.811981881158085,74.2046127319336,0.2217447161674499,1,Archangel,Burial,Untrue,https://i.scdn.co/image/ab67616d0000b27355018696782c175bdbaa3b5d,55gnBQAhU5rGzLsXTAx2MM,spotify:track:55gnBQAhU5rGzLsXTAx2MM
audio/Fabiano do Nascimento - Haru Live.mp3,Fabiano do Nascimento - Haru Live,9.970993532251562,1.1637478372143988,5.732523959229754,4.777140879391297,6.604557171058499,57.69354326601754,47.07515732908654,65.51362412443083,1.0,5.051587963957891,0.9817853369450632,0.0092611010907688,24.345962333679196,,5.170252799987793,0.8583120476473332,0.9365580287652698,716.9260311750519,1168.6074821327484,1232.6364236162422,0.0013212426565587,0.1908133774995803,0.4248514010755611,2,D,1,0.2267814953802117,0.8640131319197222,2.560525276788884,52.28267288208008,0.2031568884849548,0,Haru (Live),Fabiano do Nascimento,Solstice Concert (Live),https://i.scdn.co/image/ab67616d0000b27345352a5814e1869c4f1f0fdf,6a2lEICd6mKvuhAYTsrW7Z,spotify:track:6a2lEICd6mKvuhAYTsrW7Z
audio/Boards of Canada - Dayvan Cowboy.mp3,Boards of Canada - Dayvan Cowboy,2.3862947704068462,8.873110465779874,5.284482132085382,4.657655723267725,4.642673508504194,38.90315172141803,64.98855652174971,51.61441413154043,1.0,5.693896962723111,0.3928161188284266,0.3053187162927771,21.04378032684326,,2.610569477081299,0.3349982879243866,0.9771547670031968,2105.234963179346,4220.030644976374,2104.599999683778,0.0145953195169568,0.1175833269953727,0.9110251450676906,6,F#,1,0.2460053857860583,0.6927340238893301,2.6983269707531568,37.40742874145508,0.1202493831515312,0,Dayvan Cowboy,Boards of Canada,Trans Canada Highway,https://i.scdn.co/image/ab67616d0000b273da0aac935a63cfc519de1c99,1KxN9gwCISCArBytq80190,spotify:track:1KxN9gwCISCArBytq80190
audio/Kahimi Karie - DIS-MOI QUELQUE CHOSE AVANT DE DORMIR.mp3,Kahimi Karie - DIS-MOI QUELQUE CHOSE AVANT DE DORMIR,2.614460304550839,2.608808032457468,3.493039961045677,6.6725392980932945,6.732765084412698,42.68034357104755,63.656790531698675,56.69531052429925,1.0,2.750665810452354,0.8714986463915168,0.0648377613826678,29.616414451599123,,6.840159893035889,0.5494846497895188,0.9606177399618956,2260.084232525794,4849.464145366321,2401.259514610577,0.0294641349464654,0.1623785495758056,0.7155093858210185,4,E,1,0.0753100948468777,0.7907893672094863,3.877551020408163,47.449676513671875,0.1227457597851753,1,DIS-MOI QUELQUE CHOSE AVANT DE DORMIR,Kahimi Karie,MY FIRST KARIE,https://i.scdn.co/image/ab67616d0000b2734f9a7695de17eef806093f99,6MD8j7Z5xHkjxLIZej3t10,spotify:track:6MD8j7Z5xHkjxLIZej3t10
audio/Milton Nascimento - Minas.mp3,Milton Nascimento - Minas,3.750747315916632,4.833559323078658,4.444742001575964,3.5257561537935027,3.3087959065373544,42.16804095896715,64.474608287368,49.51548302205812,1.0,8.49576862456682,0.7041316777387373,0.1522136500541668,19.64204978942871,,2.530603408813477,0.3501239649396511,0.9425885317676084,1880.1193349465511,3642.992217823903,1902.5485392197177,0.0119717950001358,0.1482139974832534,0.251359927470533,3,D#,1,0.0003118004225033,0.3610763652035463,2.3395218559458555,18.147327423095703,0.0581113062798976,0,Minas / Paula E Bebeto - Medley,Milton Nascimento,Minas,https://i.scdn.co/image/ab67616d0000b27317f0ffed0276c84998e41acb,7nYUd7d2zmkU6o40rTpGVm,spotify:track:7nYUd7d2zmkU6o40rTpGVm
audio/The Radio Dept - Sleeping in.mp3,The Radio Dept - Sleeping in,4.515811810404365,5.196990362439393,4.533828864134625,5.276023380806631,6.261889591712315,44.65301852627834,59.860384773975866,53.12772585912201,1.0,6.893744510748153,0.672878191524348,0.1635634333056007,17.779858589172363,,3.5399913787841797,0.5599174344083314,0.941797978889934,1781.1995734940108,3525.019111545472,2206.2464680119097,0.0075590442866086,0.1595879197120666,0.8956254796623079,9,A,1,0.0251616773876462,0.9418880330765326,5.675521323061301,63.519996643066406,0.2228778153657913,1,Sleeping in,The Radio Dept.,Pet Grief,https://i.scdn.co/image/ab67616d0000b27319bf3790caeb480f2c1a4ed1,0E4bYC2Gwi65NCM87iZ403,spotify:track:0E4bYC2Gwi65NCM87iZ403
audio/Fabiano do Nascimento - Floresta Dos Sonhos Live.mp3,Fabiano do Nascimento - Floresta Dos Sonhos Live,9.867753420812845,1.6765075050338427,4.770256706208867,3.0205633980586164,5.066675796462308,56.078817413357285,49.69262082775875,55.36443689188519,1.0,5.206993204323315,0.942451406023453,0.0288320983735905,6.8389692306518555,,2.9705631732940674,0.5017122622575211,0.9424183584021144,772.0428472311055,1156.7056662438251,1125.9635695821123,0.0010127531131729,0.1205044537782669,0.8811569301259938,11,B,0,0.0977059445483669,0.861665383355044,4.370025978733012,42.069122314453125,0.1694798469543457,0,Floresta Dos Sonhos (Live),Fabiano do Nascimento,Solstice Concert (Live),https://i.scdn.co/image/ab67616d0000b27345352a5814e1869c4f1f0fdf,3VQ6jUd5aG8qwuIwjQR2xx,spotify:track:3VQ6jUd5aG8qwuIwjQR2xx
audio/Color Filter - Let Me Sleep.mp3,Color Filter - Let Me Sleep,2.5822127424828065,2.875405527837665,2.661013370440938,5.726401506621869,5.478686199146334,44.67652676577175,64.4157249615873,54.17441304442121,1.0,3.977885532675092,0.8509090396599863,0.0749094988982473,20.704352855682373,,4.8293776512146,0.5438043006639718,0.9767721804906054,2417.096786275371,5197.221189953287,2366.891068791011,0.0202094484120607,0.1644170731306076,0.4900227551198977,2,D,1,0.0957750461645737,0.7174736142280551,4.730612655174147,39.60356903076172,0.1084760650992393,1,Let Me Sleep,Color Filter,Sleep In A Synchrotron,https://i.scdn.co/image/ab67616d0000b273ed4b5ac2f5b531ec082f4167,4sxdOWhhOUx5uwpCzzydLA,spotify:track:4sxdOWhhOUx5uwpCzzydLA
audio/Beach House - Majorette.mp3,Beach House - Majorette,4.505570512765827,5.9808756615175716,4.631369694896984,6.364291741348192,4.069926127028215,47.78904057230342,58.94256953421014,57.445353304938024,1.0,8.162960117417947,0.6131490308051872,0.193783803068011,26.473783874511717,,3.3095293045043945,0.5956054411690158,0.970129224926534,1932.1464521531148,4428.237080065882,2478.514176201162,0.0100245773792266,0.0517856478691101,0.7642974250168698,2,D,1,0.0227480239066887,0.8375916443797758,1.5036657751910312,60.91801834106445,0.2134405076503753,1,Majorette,Beach House,Thank Your Lucky Stars,https://i.scdn.co/image/ab67616d0000b2733a742e77f706953b88daaf52,1xHrTucRP7hVViMekBfu7S,spotify:track:1xHrTucRP7hVViMekBfu7S
audio/Haruomi Hosono - 最後の楽園.mp3,Haruomi Hosono - 最後の楽園,5.419548446743664,4.535763449161804,4.8091493727081165,5.527485781745019,6.412966039045432,46.527056639432814,57.417554772994976,53.14930117147206,1.0,4.132666762418141,0.725014270627304,0.1393817360738725,21.422332048416138,,6.740293502807617,0.4194301413161756,0.9779941911187504,1578.3617143735223,3254.1777731524535,1988.6110832834136,0.0272771473973989,0.1849764734506607,0.5453942380591306,7,G,1,0.0518415757400769,0.8456536869561198,3.285641910058347,53.30454635620117,0.1390537917613983,1,最後の楽園,Haruomi Hosono,PACIFIC,https://i.scdn.co/image/ab67616d0000b273a7177b1d4c69494024e02579,3Q59MwvTzZveZTNunIQY1x,spotify:track:3Q59MwvTzZveZTNunIQY1x
audio/Nujabes - Feather.mp3,Nujabes - Feather,6.083710068122504,1.0,3.5535400706343525,5.8770841174806945,7.786075397309502,48.35088428009266,55.34131106093656,50.52902629393249,1.0,6.484918993418106,0.99679564167668,0.0016082154192218,16.730342483520506,,5.6728339195251465,0.5009819953020055,0.9637049146461902,1468.7358298418787,3094.973853639962,2039.3123772484744,0.0196776520460844,0.2463503777980804,0.7834217506631196,0,C,0,0.1631067089507523,0.927102704710841,5.084108188433637,123.4649429321289,0.370028018951416,1,Feather (feat. Cise Starr & Akin from CYNE),"Nujabes, Cise Starr & Akin from CYNE",Modal Soul,https://i.scdn.co/image/ab67616d0000b273912cc8fe2e9a53d328757a41,2ej1A2Ze6P2EOW7KfIosZR,spotify:track:2ej1A2Ze6P2EOW7KfIosZR
audio/William Basinski - dlp 11.mp3,William Basinski - dlp 11,6.10621502334341,3.0361290934446936,4.753724645098555,3.027308394361111,3.2764312270647076,47.58301635526118,59.29169423892233,48.66108786614197,1.0,3.0583618051574044,0.838523973588561,0.0810022069457842,20.34440822601318,,3.299316883087158,0.3250284614275319,0.9345842988127456,1459.8351607960249,2692.1023825790257,1691.6016429674837,0.0088839586824178,0.1438228338956833,0.1818699302689599,9,A,0,0.0345777605443747,0.3937184203076617,2.935857519341533,23.174402236938477,0.0543826706707477,0,dlp 1.1.1,William Basinski,The Disintegration Loops (Remastered),https://i.scdn.co/image/ab67616d0000b2730eaf5a436f066879ee27c1e4,77gj5XEd5AdpCnIgGtYBqh,spotify:track:77gj5XEd5AdpCnIgGtYBqh
audio/Japancakes - When You Sleep.mp3,Japancakes - When You Sleep,8.333421609264773,6.842399992044435,6.077291616864797,3.06475117330973,4.100971291836604,50.68243636757676,53.960908671714776,53.7300685856417,1.0,8.190555319766315,0.5469299937614926,0.2265683457065005,9.701068592071532,,2.3230185508728027,0.3951790786291699,0.9714224111596144,893.5905053836876,1567.0502212593344,1236.2666319017997,0.0004540383815765,0.1510231792926788,0.4800405642112982,11,B,1,0.1245652601320209,0.8408446669772923,2.6720487030174693,45.67390823364258,0.1967741250991821,0,When You Sleep,Japancakes,Loveless,https://i.scdn.co/image/ab67616d0000b2731b5721989fa146e66c48c1b9,6ezCHcOI43JnddPjasXCRl,spotify:track:6ezCHcOI43JnddPjasXCRl
audio/Moodymann - Silentintroduction.mp3,Moodymann - Silentintroduction,3.12538106900269,1.0,2.276858885345783,7.251572960400093,9.166480391864082,44.242200867805664,64.52451750071049,63.42715138102057,1.0,2.6243331214496135,0.9977446478197248,0.0011843259096952,18.456725120544434,,10.427831649780272,0.8909341851112723,0.9866039061766402,2180.1295748926323,4787.010030635804,2372.0867162600616,0.0169580746442079,0.2600554823875427,0.6779540610940037,10,A#,0,0.0827116912991917,0.9822055024248744,7.288220096994968,59.906490325927734,0.1691025793552398,1,I Can't Kick This Feeling When It Hits,Moodymann,Silentintroduction,https://i.scdn.co/image/ab67616d0000b27372d1e831b30315d08b1f426b,2PmT3D5xmvVzZCf11L2ifX,spotify:track:2PmT3D5xmvVzZCf11L2ifX
audio/Mariah - Utakata no Hibi.mp3,Mariah - Utakata no Hibi,3.9225371451438207,2.199448742689071,2.730135947157409,5.539569786227345,9.590491588483532,46.48552132720729,61.95658810974198,58.323074959868975,1.0,3.737370070081188,0.9024111412392732,0.0488475224313204,16.94862174987793,,9.28354549407959,0.698298844285259,0.9778752756048408,2063.8983114564744,4550.636719234366,2278.865250521237,0.0120825618505477,0.2239963263273239,0.9223774489542784,9,A,0,0.0865857159735996,0.5383078706018016,5.1839184337929325,27.6008358001709,0.0729314684867858,1,心臓の扉,Mariah,うたかたの日々,https://i.scdn.co/image/ab67616d0000b2737a19c8d0a1500d1092c8d601,6asUhV1w2Zk1xMZvsp4xQy,spotify:track:6asUhV1w2Zk1xMZvsp4xQy
audio/Daydream Twins - Carpop.mp3,Daydream Twins - Carpop,4.541023808839888,5.67273774681082,3.458094393212406,5.95071850341787,6.174041371336868,47.21461343898857,61.33156128324744,58.38679145161127,1.0,6.731790098626793,0.6365377888897232,0.1818370509805003,8.187823295593262,,3.153205394744873,0.5516162438782578,0.9642449457059514,1901.8745560943353,4193.964306252901,2388.471504352061,0.0083986381068825,0.1715527474880218,0.8238345286885194,4,E,1,0.0715807444069598,0.7464119669033616,1.37616675469688,45.56000518798828,0.1315943300724029,1,Carpop,Daydream Twins,Daydream Twins,https://i.scdn.co/image/ab67616d0000b2737c93c3e46b03584e61e9a3f2,3ZpJQim8bB9FmqkLch1DGV,spotify:track:3ZpJQim8bB9FmqkLch1DGV
audio/Lush - Sweetness.mp3,Lush - Sweetness,1.569689969112852,4.307732781047373,2.429024756197361,5.06033634568717,5.61295142820626,39.02168071346683,66.31158627023851,50.89421318083939,1.0,8.131520950587928,0.7409590958071155,0.1295219323768849,7.170629501342773,,2.898016452789306,0.2602604895805508,0.9763753376655352,2380.5555791972547,4945.072808804458,2454.9849514446223,0.0212160050868988,0.1996736824512481,0.6588988951814998,4,E,1,0.368736703414558,0.4097375439002844,4.490581750054087,19.24726104736328,0.0545968301594257,1,Sweetness and Light,Lush,Gala,https://i.scdn.co/image/ab67616d0000b273581bc388b3e8844db22a0612,1Pr2b8WV0rFkSAjrnzUeDc,spotify:track:1Pr2b8WV0rFkSAjrnzUeDc
audio/Joe Hisaishi - Ever Love.mp3,Joe Hisaishi - Ever Love,7.588465611524093,10.0,7.89708570432424,3.0700732315314094,1.8766494799158644,49.30414645805696,54.25665085633224,55.78201911911078,1.0,7.108659809855705,0.3015425471006324,0.3494875766544633,26.596929740905765,,1.6201354265213013,0.3431899819646241,0.9446085630672494,1046.381479601274,1943.469259176545,1311.3819366644418,0.0053561120294034,0.0952177569270134,0.258301951386507,7,G,0,0.1488601558717465,0.3766352542687878,1.3344146269537012,17.7755069732666,0.0709865540266037,0,Ever Love,Joe Hisaishi,HANA-BI (オリジナル・サウンドトラック),https://i.scdn.co/image/ab67616d0000b273b8bd2554ec4bac029b434a32,3hjXvqo3wTGmwRv4Z3IfVK,spotify:track:3hjXvqo3wTGmwRv4Z3IfVK
audio/Pole - 1.mp3,Pole - 1,7.5,8.5,7.5,2.5,4.5,43.16270561736352,63.02578705188392,66.79709766918396,1.0,17.326476828738173,0.9774339925304056,0.0112940735624736,16.538310623168943,,3.725593328475952,0.8590778528228471,0.9724784436912928,2095.003165003344,4849.462781876392,2457.97906332141,0.008801631629467,0.1964221000671386,0.8979213066072643,0,C,1,0.0747455149922349,0.8583526615687012,2.3341064627480437,85.7203140258789,0.3961936831474304,0,1,Pole,1,https://f4.bcbits.com/img/a1083885296_10.jpg,,
audio/Toninho Horta - Terra dos Pássaros.mp3,Toninho Horta - Terra dos Pássaros,4.767750510639543,3.5707889615368185,3.9127931552763897,4.99087254958174,2.823108892887739,46.44243163658902,60.640938335385634,55.67746682803555,1.0,5.251594622087352,0.7974407808797521,0.1013573128165163,19.12067203521728,,3.032575845718384,0.4886655042967352,0.9369855250286084,1786.4196596063218,3800.6896070020807,2210.0783841538837,0.0071123554371297,0.1115478575229644,0.1772663969759256,6,F#,0,0.033540536853126,0.6335058585794053,2.4505734506896393,33.888763427734375,0.1106726825237274,1,Terra Dos Pássaros / Beijo Partido,"Toninho Horta, Orquestra Fantasma",Terra dos Pássaros,https://i.scdn.co/image/ab67616d0000b2730c98631e593543cabf4cf084,0mAZZ0dvYIwzrZrcXi5z4U,spotify:track:0mAZZ0dvYIwzrZrcXi5z4U
audio/Basic Channel - Phylyps Trak II.mp3,Basic Channel - Phylyps Trak II,1.798560857812847,2.3087609850792425,4.406380947369247,5.874162620401877,9.643154264264291,39.63536130077461,70.59848393795235,56.21477008734937,0.0,0.3860918225097973,0.8943228951360751,0.0532417739715609,36.60506725311279,,14.27565860748291,0.7438036492059403,0.9776388614207996,2480.3032671440155,4229.333334408853,1898.9844452794696,0.0260825157165527,0.2171490639448166,0.9368731908423702,2,D,0,0.0199340906501947,0.7465659507886919,4.217171862826163,60.10833740234375,0.1023409962654113,1,Phylyps Trak Ii/Ii,Basic Channel,Bcd-2,https://i.scdn.co/image/ab67616d0000b273d5df1d38d3fd9be8ebe13eac,49ub4zo7T15jMBZujDjTh3,spotify:track:49ub4zo7T15jMBZujDjTh3
audio/Labradford - P.mp3,Labradford - P,10.0,1.4799084847730872,5.494447385488045,3.829287882863234,4.374920140619974,58.13645476431086,45.72743265397699,70.15065697218105,1.0,7.4467223293556515,0.9576629288788432,0.0214257225356762,18.941582679748535,,1.6860674619674685,0.7946080038677571,0.9708634456436772,481.46866365342544,733.365477091234,772.7453571018244,0.0005887983716093,0.1619083881378173,0.283630605100849,2,D,1,0.3866654071974106,0.4634578942482254,1.396333875753805,17.60409927368164,0.0968774855136871,0,P,Labradford,Mi Media Naranja,https://i.scdn.co/image/ab67616d0000b273fa9952477db164e4237e91dc,799Rn8baGwbIwllfDw2yl6,spotify:track:799Rn8baGwbIwllfDw2yl6
audio/My Bloody Valentine - Only Shallow.mp3,My Bloody Valentine - Only Shallow,1.0,5.944150237317984,2.485071658628871,6.559960283480702,2.287049330464917,37.03287491449887,70.38954524550064,53.01802815697064,1.0,9.045702234809978,0.6158447524981278,0.1922912814388694,6.218436431884765,,2.061429023742676,0.3620723078605611,0.9682773141083896,2909.016021029673,5655.2662327268035,2459.1928217036366,0.0391083508729934,0.0440353490412235,0.4600602472213518,0,C,1,0.1458576574690407,0.6256806207516058,0.1789493482043893,41.320465087890625,0.1119852289557457,1,Only Shallow,My Bloody Valentine,Loveless,http://coverartarchive.org/release/cd32c6cf-f979-39e7-a4ec-157d3a560d06/25797196285-500.jpg,,
audio/Minnie Riperton - Les Fleurs.mp3,Minnie Riperton - Les Fleurs,3.900293977393367,3.793674113505463,3.629058667567494,4.75539231107682,2.3420579480449817,44.55498494197336,65.90729632384316,48.33111354586646,1.0,3.394333496869826,0.7803158045948829,0.1098439152493599,16.46230540275574,,2.906952142715454,0.2470906591827432,0.9676045025929528,1984.50037651299,3999.4753680287617,2016.5122855278712,0.0221504233777523,0.0497276447713375,0.4733741753063092,1,C#,0,0.0009739120110999,0.8374745125716423,3.0446374223450614,55.16408157348633,0.1384075731039047,1,Les Fleurs,Minnie Riperton,Come To My Garden,https://i.scdn.co/image/ab67616d0000b273d85c957794c2a5b8b11de5f9,4XCGfHpGVq8xw800o5cwWs,spotify:track:4XCGfHpGVq8xw800o5cwWs
audio/LEclairPink Siifu - REPLICA M001.mp3,LEclairPink Siifu - REPLICA M001,3.016284291033964,2.7939465671590886,3.782929609374331,6.922156049411148,4.438232687898992,42.549937328650685,63.381649110346224,57.97755360328197,1.0,5.602032393631511,0.8568870946091675,0.0715981089159056,29.057206296920775,,3.902112245559693,0.5838008658830989,0.9479833535695152,2110.6420597152373,4520.26531369405,2277.4861040572623,0.0186898354440927,0.1212214156985282,0.5243917654397938,11,B,1,0.0263612203827779,0.8921623018696038,3.686492074784149,83.3563003540039,0.2487958371639251,1,REPLICA M001,"L'Eclair, Pink Siifu",REPLICA M001,https://i.scdn.co/image/ab67616d0000b273d8ab4b217a521ea0bce47575,5gayQFHZ7z9pwaecJE3rUW,spotify:track:5gayQFHZ7z9pwaecJE3rUW
audio/Red House Painters - Katy Song.mp3,Red House Painters - Katy Song,5.935303184635657,4.108209018992462,4.625342031453575,4.52410638217954,6.618072320254209,46.87632454664437,60.09527867011088,59.629400692363646,1.0,7.929211239586802,0.7562383499271877,0.1218868869999955,16.62000198364258,,4.220102787017822,0.5528679301583176,0.971248657850039,1423.0858039247169,2920.915320032206,1786.361426259117,0.0036280425265431,0.1770359426736831,0.8249064967446977,5,F,0,0.0394544592153473,0.5214975903634129,2.3246718812143707,27.763566970825195,0.0890398174524307,1,Katy Song,Red House Painters,Red House Painters I,https://i.scdn.co/image/ab67616d0000b2738dcf3bc7142c95faf92a0b23,1zegQf2IjsYYJGBgJMsbNk,spotify:track:1zegQf2IjsYYJGBgJMsbNk
audio/GorillazKali Uchis - Shes My Collar feat Kali Uchis.mp3,GorillazKali Uchis - Shes My Collar feat Kali Uchis,3.106468726758,1.5294672955249666,2.1762072426437484,7.573998141117598,6.490912034894369,43.17918583085481,66.70656791350807,60.621386876356695,1.0,4.630402463672061,0.954375454266287,0.0237015106559664,10.811165928840635,,6.629345417022705,0.7257049842935002,0.9721947455887738,2146.0685108152884,4453.775432171643,2276.727537873873,0.018444437533617,0.1419615298509597,0.6852426323952948,7,G,0,0.0556101818323771,0.8974660562097351,3.8986422483894025,101.4729232788086,0.2945113480091095,1,She's My Collar (feat. Kali Uchis),"Gorillaz, Kali Uchis",Humanz (Deluxe),https://i.scdn.co/image/ab67616d0000b273a5952c0e2e649f588603b743,3lIxtCaROdRDuTnNBDm3n2,spotify:track:3lIxtCaROdRDuTnNBDm3n2
audio/Galatée - Le Cœur.mp3,Galatée - Le Cœur,8.22550811135784,3.218302364129182,4.639536574533216,5.157637501658781,9.93335758179447,55.4323071842697,55.36543037882392,62.03520328859646,1.0,7.516441587840205,0.8243658545551368,0.0878182283564775,17.439637374877933,,8.94646167755127,0.822675481866013,0.9779789774389268,1229.1711994771294,2650.6742037259614,1649.4640705630218,0.0025940525811165,0.2215660661458969,0.998604570033124,2,D,1,0.149099692949313,0.9036742008681254,4.146968034725014,56.25049591064453,0.190466821193695,1,Le Cœur,Galatée,Le Cœur,https://i.scdn.co/image/ab67616d0000b273569e8b81b0c10d8f677c38b3,0JpzXVdRKzqmP4RRwfHQio,spotify:track:0JpzXVdRKzqmP4RRwfHQio
audio/Alberto Baldan Bembo - Tema di Barbara.mp3,Alberto Baldan Bembo - Tema di Barbara,6.619066684743432,4.056456439302899,4.704310918441294,6.63101045869406,5.536595159823029,50.22124075623748,56.90764836723282,58.07604439973728,1.0,5.463354241637022,0.76031889771383,0.1199942362434522,18.58204460144043,,2.6214487552642822,0.6184489317595787,0.947498737746641,1421.971837364564,2972.6383124898407,1942.0228677299208,0.0416662096977233,0.1462577730417251,0.8043635312815951,4,E,0,0.0327015905852902,0.8304530133424252,2.327408625356554,49.45994567871094,0.1426524370908737,1,Tema di Barbara,Alberto Baldan Bembo,L'amica di mia madre (Colonna sonora originale del film),https://i.scdn.co/image/ab67616d0000b2738cff60f4f7347d871f78be2f,3pz7qpUHb2aPhBhOHtWVy6,spotify:track:3pz7qpUHb2aPhBhOHtWVy6
audio/Bedhead - Liferaft.mp3,Bedhead - Liferaft,4.836771744295512,5.935773246780498,5.205928491429375,5.313144339896521,3.9550890575735895,45.85549331162194,63.92034542165795,58.98260924159476,1.0,8.172325149648785,0.6197491873573066,0.1944089320635339,25.638403129577632,,2.2730321884155273,0.5397730454532159,0.9531718641249513,1724.206486510234,3630.527951629278,2076.261193321862,0.0138744004070758,0.1545357704162597,0.3142927998677332,2,D,1,0.2117954225252826,0.5492583011849694,1.5914256591160054,25.4078369140625,0.1071076914668083,0,Liferaft,Bedhead,WhatFunLifeWas,https://i.scdn.co/image/ab67616d0000b273b2e325b6d24d0332b7b5db97,76tqeZTMX72Fx28PDj3pyk,spotify:track:76tqeZTMX72Fx28PDj3pyk
audio/Dead Can Dance - Severance.mp3,Dead Can Dance - Severance,5.660958654987252,9.315575183653076,6.702330013771864,5.536151224019282,2.98708875196063,46.93220549009771,59.78219126675007,63.94983508045148,1.0,11.145928013938873,0.3576345474315513,0.3212801274381663,27.47525644302368,,1.2431316375732422,0.4479538103560627,0.9452990182251292,1506.635247476877,3216.609640025482,2029.3017984780008,0.0060658757574856,0.1165781319141388,0.4204025617566283,2,D,1,0.3512531869367119,0.4589668634352319,0.4679188283969265,23.924531936645508,0.0911165103316307,0,Severance - Remastered,Dead Can Dance,The Serpent's Egg (Remastered),https://i.scdn.co/image/ab67616d0000b27396532527bfaa6eec94406415,3SK1r7ToL4b5Vnrt5oFiBc,spotify:track:3SK1r7ToL4b5Vnrt5oFiBc
audio/The Roots - You Got Me.mp3,The Roots - You Got Me,2.211111348735516,1.2146633355261778,3.192886852702415,8.6237687337007,6.9323689134428825,42.09246389458275,65.23751473945786,62.866217968315055,0.0,2.834417434824804,0.977818741282666,0.0111589695726124,33.61787796020507,,6.024109840393066,0.8549328600321643,0.9682666625258146,2360.6543194731757,5049.086312777605,2496.1024504065867,0.0538222193717956,0.1871195137500763,0.475692099932474,2,D,1,0.0253196208547688,0.8964200242634219,3.856800970536873,65.00424194335938,0.1544689834117889,1,You Got Me,"The Roots, Tariq Trotter, Erykah Badu, Eve",Things Fall Apart,https://i.scdn.co/image/ab67616d0000b273bac8015c7e47644fb86e27e2,4pdLZsxq0y5oJDb6Cxlokw,spotify:track:4pdLZsxq0y5oJDb6Cxlokw
audio/Fennesz - Endless Summer.mp3,Fennesz - Endless Summer,7.088225573348331,1.7016490044767716,3.430918977471307,5.953773429778032,2.867903172020164,53.119839655331745,56.79338020805624,60.916127101520885,1.0,3.5374267278397697,0.9425303333837972,0.0312918181455832,12.092530727386473,,2.6174657344818115,0.6412690737490988,0.9434680858166156,1466.524694861797,3099.890001023278,1796.0841887990491,0.0098879914730787,0.0871385708451271,0.34268792710706,9,A,0,0.072773858942809,0.8326684107259648,1.3067364290385872,75.06861114501953,0.234438419342041,1,Endless Summer,Fennesz,Endless Summer,https://i.scdn.co/image/ab67616d0000b27350bb20bb2b20606ed918d652,2DYGS6lBV7lId0oviQaeJL,spotify:track:2DYGS6lBV7lId0oviQaeJL
audio/Maston - Infinite Bliss.mp3,Maston - Infinite Bliss,5.313217267535626,5.397601143067238,4.132708407643235,3.604328299784224,7.137407972420546,46.501387567271095,59.406092365747384,48.17202547613997,1.0,7.254034308556303,0.6610692443751115,0.1738954408693065,6.595925045013427,,3.735957145690918,0.3395819201191904,0.9600636734776068,1628.3293064143843,3261.1620803968844,1874.181353387368,0.0038030571304261,0.2145621180534362,0.9151829871414214,6,F#,0,0.0985809937717675,0.8759307063415753,3.1422319157723884,49.56248474121094,0.1569763720035553,1,Infinite Bliss,Maston,Tulips,https://i.scdn.co/image/ab67616d0000b273c6e38b8ede9b06f81dc04adf,21rsiCXG7sA0CqEUOTMHNY,spotify:track:21rsiCXG7sA0CqEUOTMHNY
audio/Radiohead - Present Tense.mp3,Radiohead - Present Tense,8.508683976143864,3.936854804835425,4.764580360353795,7.0013209251613455,4.835711543372371,54.61565875763141,51.21409914384753,66.51233209102911,1.0,7.920497846093029,0.769571196608091,0.1154872894723392,9.967057251930235,,3.421218156814575,0.7207811188443607,0.9652940636210826,1108.231490096588,2124.1704155553007,1879.7124950332689,0.0048155137337744,0.0944976657629013,0.8014995455922387,1,C#,0,0.3508340197552521,0.9175870746634897,4.7034829865395835,93.10253143310548,0.2985294461250305,1,Present Tense,Radiohead,A Moon Shaped Pool,https://i.scdn.co/image/ab67616d0000b27345643f5cf119cbc9d2811c22,7KHQtpLpoIV3Wfu22YQT8y,spotify:track:7KHQtpLpoIV3Wfu22YQT8y
audio/Cornelius - Fantasma.mp3,Cornelius - Fantasma,3.801804323299616,10.0,5.5753591920795635,6.344361860835671,1.4545114754145534,41.77852235672274,57.92579031188502,60.46966545486415,1.0,7.68921983622363,0.2074089276076678,0.3962956240872572,13.785460567474365,,1.3028433322906494,0.1976445788831104,0.9579510018505136,1807.5864438988872,3665.7898334703946,2138.6554813060243,0.0201379843056201,0.0822684019804,0.3334736842105122,6,F#,1,0.1423249140180432,0.7905216124971659,0.1451027811366384,47.815673828125,0.1806910783052444,0,Fantasma,Cornelius,Fantasma (Remastered),https://i.scdn.co/image/ab67616d0000b273869f7cf031b24df4dbb1f778,4s8VePf14ETIyqAco1ERsY,spotify:track:4s8VePf14ETIyqAco1ERsY
audio/Egberto Gismonti - Dança das Cabeças.mp3,Egberto Gismonti - Dança das Cabeças,5.927275372311571,5.105078134887112,6.035263298343174,3.812061120110537,3.108691111809589,48.688967306261354,56.80182810718643,55.25513657390435,1.0,4.678998168622691,0.6799301469993477,0.1600563341416013,34.46499032974243,,3.7642433643341064,0.6492276650077354,0.938367520907314,1585.4455127877104,3091.253241661182,1832.9877574451632,0.006744101177901,0.0996095836162567,0.2102302339127499,9,A,0,0.0014528181504812,0.2510815225601495,3.440691360872193,10.626748085021973,0.0303911250084638,0,Dança Das Cabeças - Pt. 1,"Egberto Gismonti, Naná Vasconcelos",Dança Das Cabeças,https://i.scdn.co/image/ab67616d0000b27383062b4f45413913c95bff23,4x94nXhWRBaTpEGacuSSEh,spotify:track:4x94nXhWRBaTpEGacuSSEh
audio/Kinoko Teikoku - Uzu ni Naru.mp3,Kinoko Teikoku - Uzu ni Naru,3.634530666771831,5.807318604697535,4.644166894412306,5.724800784131185,3.378396820427325,42.59754955873537,66.09176028058789,52.95338553488656,1.0,11.505633852825218,0.6262318757286033,0.1869870457033475,20.35499515533447,,2.691793918609619,0.4621788594339708,0.961350800137697,1945.746236044824,3831.09914978542,1895.8346549090636,0.0229966957122087,0.1047571673989296,0.4962298665952773,2,D,1,0.123878607800908,0.8475583510542902,1.9023340421716073,80.44679260253906,0.2657496333122253,1,Girl meets NUMBER GIRL,Kinokoteikoku,渦になる,https://i.scdn.co/image/ab67616d0000b27399e03144e7f2e611f8f26d55,4VPNKFzFnvC4cm4Lzezm1K,spotify:track:4VPNKFzFnvC4cm4Lzezm1K
audio/Lo BorgesMilton Nascimento - Tudo Que Você Podia Ser.mp3,Lo BorgesMilton Nascimento - Tudo Que Você Podia Ser,2.3602960675151525,5.841515623217597,3.3578966286616447,5.767376357387949,4.590051939645593,41.21002726763288,63.941677256363555,53.599846527508866,1.0,7.466422222054094,0.6235320403331039,0.1882350579439045,11.679989433288572,,3.189164400100708,0.5479303826872434,0.9573054348234848,2271.159345156693,4664.116263527858,2283.346505746862,0.0139479944482445,0.1675324589014053,0.333648952538758,2,D,1,0.0145693634730235,0.8821975072781256,3.2879002911250215,64.89862060546875,0.1958512514829635,1,Tudo Que Você Podia Ser,Lô Borges,A Via-Láctea,https://i.scdn.co/image/ab67616d0000b2736ff10222b78957e691147c05,1oVD2ZhWsiRcFYV6ibWRjP,spotify:track:1oVD2ZhWsiRcFYV6ibWRjP
audio/Tatsuro Yamashita - For You.mp3,Tatsuro Yamashita - For You,5.559457385292753,4.75277707049555,3.7461179863927825,6.206538132171221,6.699905829496233,50.37162367485606,59.162971185153346,63.18549919999243,1.0,5.164145385231902,0.7075662357820037,0.147066267359807,12.68136715888977,,7.887641906738281,0.6961692590623475,0.9316439687163496,1786.807034797609,3881.2161553052424,2129.512517056098,0.0151607636362314,0.1361904293298721,0.6927389215162655,0,C,1,0.0146012086554249,0.5637612430099969,1.9201938575280664,34.52483367919922,0.0925822183489799,1,For You,Tatsuro Yamashita,For You,https://coverartarchive.org/release/1e4a3f0f-c5e3-48a6-bc92-23d11ce136f6/38457007105-500.jpg,,
audio/Neil Young - I Am a Child.mp3,Neil Young - I Am a Child,6.8906707572308905,8.120681381504028,6.262192613455518,4.964181942287452,8.72419881191649,51.16637819178461,55.05458895621846,59.315008981070875,1.0,4.336551465812747,0.4620165153986026,0.2851793930872947,23.47048959732056,,6.992983818054199,0.6612858341821145,0.974955721816728,1396.939525850624,2914.8735048929,1917.7406043829017,0.0067911380901932,0.2237368673086166,0.8537154281905889,9,A,0,0.0643875206663267,0.6478283211376604,3.868050904219692,33.83514404296875,0.1044348552823066,0,I Am a Child - Live; 2016 Remaster,"Neil Young, Crazy Horse",Live Rust,https://i.scdn.co/image/ab67616d0000b273d551937b04fa2071777fcca7,0xSrFPrCT4Tl2ctiUE7wRR,spotify:track:0xSrFPrCT4Tl2ctiUE7wRR
audio/Ride - Vapour Trail.mp3,Ride - Vapour Trail,1.006575704711351,3.892754031265152,1.9813233524083032,6.3749569280146385,5.034540921789409,38.64451607377627,70.00687158509638,57.923938473194966,1.0,9.090226214605249,0.7727610816904161,0.1136597618682545,9.681175231933594,,2.5774435997009277,0.570848974918293,0.960346198652928,2761.266113501165,5453.887914531774,2410.592510129905,0.0268388241529464,0.1501957476139068,0.648126304328095,11,B,1,0.0172448732039062,0.5272330451858568,1.961826869855435,29.71450424194336,0.0899701043963432,1,Vapour Trail - 2001 Remaster,Ride,Nowhere (Expanded),https://i.scdn.co/image/ab67616d0000b273f0e3d47ac6d6d2cbe14cf8f2,58AWfmYbSeMywgJtXkey7Q,spotify:track:58AWfmYbSeMywgJtXkey7Q
audio/J Dilla - Last Donut of the Night.mp3,J Dilla - Last Donut of the Night,7.141825331972898,2.015795019570035,6.39589945519608,7.419846509124678,5.940721223159041,49.99220173778869,56.64355963253047,63.75852847963263,1.0,4.560688041319894,0.9174285450268092,0.0425322285710029,78.93550462722779,,5.295435905456543,0.7871275665872969,0.9593977002275575,1214.592322735309,2575.7207547363982,1630.7312635736346,0.0546854101121425,0.1706707924604416,0.3865559635957147,2,D,0,0.0320026981183651,0.8820066641695783,3.280266566783131,72.1673583984375,0.1948560625314712,1,Last Donut Of The Night,J Dilla,Donuts,https://i.scdn.co/image/ab67616d0000b27383bb78285449998bb974da45,2zdg5ICoK5WGKCpX1LAdOf,spotify:track:2zdg5ICoK5WGKCpX1LAdOf
audio/Marcos Valle - Previsão do Tempo.mp3,Marcos Valle - Previsão do Tempo,6.9804095918150635,2.254029138551662,4.16496864010408,5.159315282614974,4.225383413186789,50.374599939084256,54.21502207283552,59.43842353395297,1.0,6.046771239752775,0.9018108593176958,0.0536108044731095,15.563669681549072,,5.26340389251709,0.7400677947046586,0.959720673909366,1311.8532149921057,2699.0012301081797,1966.9898818376764,0.0063943769782781,0.1081328690052032,0.3112794792444743,4,E,1,0.329848645464997,0.8319240943810046,3.860530669771432,39.235137939453125,0.1806273907423019,1,Previsão Do Tempo,Marcos Valle,Previsão Do Tempo,https://i.scdn.co/image/ab67616d0000b27306f9cb95fb276b0d7c8296d7,2ATE0uiTHumGeOeVp9wnPw,spotify:track:2ATE0uiTHumGeOeVp9wnPw
audio/Kode9  The Spaceape - Kode9  The Spaceape.mp3,Kode9  The Spaceape - Kode9  The Spaceape,7.205615215485311,1.0,6.092489306290322,5.3144299041230285,5.735197509726784,51.74944297066067,56.68247642276735,62.22489388772015,1.0,5.99837688463412,0.9999999523448204,2.3828623606347017e-08,77.4886233329773,,4.922271251678467,0.6857256832300425,0.9130393074273936,1370.696267392533,2573.721823818129,1519.9937770447316,0.0183830298483371,0.1621874719858169,0.4852211862725601,0,C,0,0.1379096584262258,0.7407599996903089,2.3239877453587376,41.121726989746094,0.1307789832353592,0,Glass,"Kode9, The Spaceape",Memories of the Future,https://i.scdn.co/image/ab67616d0000b273d95e6f05c4ed7496d3cfe3cf,4QumVjdKw4zhlVr63avXhQ,spotify:track:4QumVjdKw4zhlVr63avXhQ
audio/Bohren  der Club of Gore - Midnight Black Earth.mp3,Bohren  der Club of Gore - Midnight Black Earth,9.168760500639952,3.970738760272963,7.166887873157433,4.176312429448851,2.4768843620354564,52.421646869352806,49.7193832360111,69.70956160562032,1.0,7.5059472862987295,0.7668271809188802,0.1166723941389472,33.16583061218262,,2.2969462871551514,0.6412715266124994,0.9640419299776598,731.5213189739101,1199.5213630338149,1178.814050087239,0.0032198878470808,0.0914887860417366,0.2124474596268696,0,C,1,0.5343213141366797,0.1737309940522387,0.5526015713432436,7.415738105773926,0.0346264578402042,0,Midnight Black Earth,Bohren & Der Club Of Gore,Black Earth,https://i.scdn.co/image/ab67616d0000b273217f1ae9214fc34421f89920,4RWPfyAtyDtA0zebsL2pqc,spotify:track:4RWPfyAtyDtA0zebsL2pqc
audio/Minuano - Spring Lovers.mp3,Minuano - Spring Lovers,7.3866020673289805,3.1555005506347005,4.401690975196252,6.500230305236676,5.401020908906517,52.80135010848989,52.43457191587437,60.523849274015845,1.0,7.0747440274678235,0.8293680016821432,0.0855591539679675,17.220363855361935,,3.2587945461273193,0.6545322938133126,0.9662592339463298,1323.2236097412058,2896.268988715278,2004.204917617804,0.0157968923449516,0.1716896891593933,0.490260631001365,7,G,1,0.0424749352794308,0.8738479716423789,2.9539188656951554,74.89058685302734,0.2925095856189728,1,Spring Lovers,Minuano,Spring Lovers,https://i.scdn.co/image/ab67616d0000b2731d57c410b71a26281860704a,5UKiSkJWHBliIEnypXC8KG,spotify:track:5UKiSkJWHBliIEnypXC8KG
audio/Labradford - E Luxo So.mp3,Labradford - E Luxo So,9.74930282624716,7.339546017074261,7.3094263436832545,3.715844419650948,6.599281713274089,55.87730407817193,49.69894107655757,61.64944948797524,1.0,5.673008573374044,0.5116523915959618,0.2476794731304943,23.068225860595703,,4.109439849853516,0.7345393785994935,0.9641831768995396,768.1978320480097,1377.951387055382,1310.5264792481305,0.0046471869572997,0.2397856265306472,0.3897069473277633,2,D,0,0.2518370336689244,0.3778367739764151,3.432908233989465,12.696267127990724,0.0647509396076202,0,"By Chris Johnston, Craig Markva, Jamie Evans,",Labradford,E Luxo So,https://i.scdn.co/image/ab67616d0000b273a3911e0192399bebecced5a2,7mdNzgifDBaUPpZarWepPg,spotify:track:7mdNzgifDBaUPpZarWepPg
audio/Flying Saucer Attack - She.mp3,Flying Saucer Attack - She,3.7312275280550904,8.906216008827975,5.106342564699286,4.866060889195863,3.4949376716771403,42.71422916883869,66.19581001302336,57.294276863958245,1.0,10.67553927374984,0.3903769166567662,0.3066572608379166,13.195155429840083,,2.0619313716888428,0.5243128703472811,0.9349661661779216,1919.5909097499105,3780.6179792371927,1875.359422240217,0.0124028595164418,0.1440109759569168,0.2706324358171563,2,D,1,0.3251338354678469,0.5834410566989829,1.7407513288825769,34.1794319152832,0.1004537045955658,0,She Is the Daylight,Flying Saucer Attack,Further,https://i.scdn.co/image/ab67616d0000b273ece80578a60ff84d6bdd8b20,4LE2Phu08bG4EpBaqIwih3,spotify:track:4LE2Phu08bG4EpBaqIwih3
audio/Odelet - Wait For You - Revived.mp3,Odelet - Wait For You - Revived,6.367206427779179,2.5744762726215047,6.063864042011335,6.603461204979337,6.016046410450971,49.81058250640955,54.57816038106077,61.659154819282136,1.0,8.610369641613737,0.874927909665144,0.064121942898278,53.216320562362675,,7.053503036499023,0.6958260851037471,0.9586926363471748,1462.9156706550643,3178.942232597966,2113.567307471298,0.0249330438673496,0.1501797437667846,0.4495297086487675,1,C#,0,0.0021155521700223,0.8306613364181172,2.430701503599695,44.9822998046875,0.1695681363344192,1,Wait For You - Revived,Odelet,Angels (Revived),https://i.scdn.co/image/ab67616d0000b2732dfb77f9175874a3ba763b69,38j9IYXZWXiQJjrVDsdWRf,spotify:track:38j9IYXZWXiQJjrVDsdWRf
audio/Luiz Bonfá - The Shade of the Mango Tree.mp3,Luiz Bonfá - The Shade of the Mango Tree,6.350037963518096,2.1107754951290616,4.232258116920306,3.632584498127174,6.262361794282561,46.36081467689371,58.64216141830622,49.97951146073834,1.0,5.338255454219224,0.9091665472036876,0.0454281162604407,14.167913627624513,,3.476877450942993,0.3858223722301541,0.9540306880036964,1252.6708214304183,2464.164446678468,1741.4254633984926,0.0107880868017673,0.1965956538915634,0.7525027257408985,11,B,0,0.0070354483008413,0.727593699875147,3.2615709758866167,35.97599411010742,0.1290595382452011,1,The Shade of the Mango Tree,Luiz Bonfá,Bonfa Burrows Brazil,https://i.scdn.co/image/ab67616d0000b27353f2cf5f1c12a11960292528,6gdTVZdQcVN54ynCk38l5U,spotify:track:6gdTVZdQcVN54ynCk38l5U
audio/hal - 放課後バラード.mp3,hal - 放課後バラード,6.472855422168223,4.405035364881248,4.5156075039270736,6.182692259943341,6.365700666518906,50.61410256182947,57.25068332953176,61.518371832220794,1.0,9.088807883629372,0.7337595958714153,0.133433500774374,17.330041217803956,,4.257733345031738,0.7708780149983822,0.9692348751163526,1486.3773141133715,3220.519305693095,2106.395734751052,0.0047031794674694,0.1317934095859527,0.917860643113824,7,G,0,0.0688387992998982,0.8565314368229389,2.2612574729175536,67.29978942871094,0.2573120594024658,1,放課後バラード,hal,ブルー,https://i.scdn.co/image/ab67616d0000b273af9fdfbb6ab8b73512cf5c82,0Z0K6fYe3cmsrWuaXYoKwY,spotify:track:0Z0K6fYe3cmsrWuaXYoKwY
audio/Elijah Blake - Beloved.mp3,Elijah Blake - Beloved,4.674259116035238,2.2255981808687855,3.87653607288772,5.22165553631118,4.6011046876123425,45.36225929695948,61.4320822034208,54.96515744733361,1.0,6.160147922464975,0.900378789593911,0.0498258503740728,23.531841659545897,,3.135070323944092,0.4726220606104177,0.9516388716208156,1732.9081062112843,3731.6839770735983,2062.843170938348,0.0071737389080226,0.1908886283636093,0.2249059351863062,0,C,1,0.1408119630481488,0.8676961326215714,2.7078453048628557,61.6190071105957,0.1845284104347229,1,Beloved,Elijah Blake,Bijoux 22,https://i.scdn.co/image/ab67616d0000b273c18a83bdd6b860d3e354e274,4lnJNanTg1CkczY2rDhSNN,spotify:track:4lnJNanTg1CkczY2rDhSNN
audio/Taeko Onuki - 400 AM.mp3,Taeko Onuki - 400 AM,2.430925027344376,3.1596667709722595,2.8733546128094245,5.20995604764379,4.828279948209784,40.68368560260612,63.90221574594533,49.67533897552636,1.0,4.49766394426019,0.8291395732447673,0.0857862914216368,15.180637121200556,,4.3454108238220215,0.3881041614874734,0.9683755524605188,2197.7359421821143,4574.148978472019,2256.941404693947,0.0215851478278636,0.1196532398462295,0.752205071664824,10,A#,0,0.0483206125027639,0.811764583622062,3.9025403608736946,49.86808395385742,0.1244977712631225,1,4:00A.M.,Taeko Onuki,MIGNONNE (Mastered by Bernie Grundman),https://i.scdn.co/image/ab67616d0000b273af12a920f8a4256f4fe32d35,0zoGVO4bQXG8U6ChKwNgeg,spotify:track:0zoGVO4bQXG8U6ChKwNgeg
audio/Erykah Badu - Green Eyes.mp3,Erykah Badu - Green Eyes,4.170252723711447,2.3510237681632145,4.5298940731554165,5.891392824644027,3.7385225512033897,43.53437755363516,61.38571017092162,62.95387574469368,1.0,6.390504319555309,0.8911474695067674,0.0549045980521093,31.529588794708253,,3.9223873615264897,0.7617336269248988,0.9469889283615476,1808.287108288798,3663.789593790479,2155.207451034782,0.008007357828319,0.1101558879017829,0.2532719247745145,7,G,1,0.0242665412790469,0.6163529169686238,2.292663037489256,33.22293472290039,0.107909619808197,1,Green Eyes,Erykah Badu,Mama's Gun,https://i.scdn.co/image/ab67616d0000b2730d934cb462fae5a26f829efb,6qvtiA4wQQliK6K7oRdovk,spotify:track:6qvtiA4wQQliK6K7oRdovk
audio/Erykah Badu - Bag Lady.mp3,Erykah Badu - Bag Lady,3.526998327147095,1.6108633970219173,3.232978607040105,7.075364575053332,5.99471510051817,43.597812772663595,64.37970375844691,64.77570589765546,1.0,3.555693228522813,0.9474553419768288,0.0263029522256698,24.52937698364257,,6.167882442474365,0.8440599919482736,0.9523649014488688,1993.7144449738648,4372.458531528786,2318.8931400891456,0.0100484238937497,0.1564513891935348,0.3834704631598374,6,F#,1,0.2693044257299189,0.8959552723350769,3.838210893403074,61.12649154663086,0.1804617345333099,1,Bag Lady - Cheeba Sac Radio Edit,Erykah Badu,Bag Lady,https://i.scdn.co/image/ab67616d0000b27378fac90254d71e3f203c4640,7uAL8lsESR9Nl03BzHlKhF,spotify:track:7uAL8lsESR9Nl03BzHlKhF
audio/Slowdive - Star Roving.mp3,Slowdive - Star Roving,3.985402510617667,6.20010122896859,4.11470837133788,6.026191276900401,5.082282236904951,43.18600779440333,62.47624322098946,55.283503306978496,1.0,11.149983293678796,0.5961386851863392,0.2020066116769582,10.56097388267517,,1.906473159790039,0.3975721990652103,0.964764767282464,1840.1478672050175,3782.7053618460495,1941.6818601452403,0.0121048120781779,0.1536308377981186,0.8211593805673508,4,E,1,0.2174290525923786,0.814017569624109,0.560702784964359,101.70024871826172,0.2801041305065155,1,Star Roving,Slowdive,Slowdive,https://i.scdn.co/image/ab67616d0000b273dacae168c80f791843f52439,7nq6qpHhCJ3pNOa3KHi8fe,spotify:track:7nq6qpHhCJ3pNOa3KHi8fe
audio/Chino Yoshio - 193193 For Gentle Sine Bells.mp3,Chino Yoshio - 193193 For Gentle Sine Bells,10.0,2.2918239367739446,4.978906534624948,1.5716568335032006,5.432297191820869,56.10572394935713,31.907398472140336,50.50912681224574,1.0,9.234272111298598,0.8985554287988031,0.0547872011068241,7.528207778930664,,3.2242119312286377,0.1938655942209739,0.0,409.47398648975616,619.1285169203666,274.0899191901146,0.003306888975203,0.1915293931961059,0.6671579464504872,1,C#,1,0.0448085121868725,0.4673808781608456,6.094735008496102,12.996891021728516,0.0711093470454216,0,193193 (For Gentle Sine Bells),Chino Yoshio,193193,https://i.scdn.co/image/ab67616d0000b273c40d139da1b52f91ffc0e317,0uUAjENK3nlgR4bVb7XLTS,spotify:track:0uUAjENK3nlgR4bVb7XLTS
audio/Common - The Light.mp3,Common - The Light,2.4111423927514153,1.7799175946883123,2.7084957134742194,6.865308225306194,8.445166755793137,41.10374314900352,66.64707377413279,57.9049856447899,1.0,2.6552547194935348,0.9348859063031436,0.0330533767669882,19.462937831878666,,11.808855056762695,0.6272424132429866,0.9779730048888646,2239.664102760331,4636.56843748936,2319.913106004805,0.0163347516208887,0.1718048155307769,0.9670419466133924,7,G,1,0.1394555794324335,0.8897461044358612,3.589844177434449,82.3800277709961,0.1972887516021728,1,The Light,Common,Go! Common Classics,https://i.scdn.co/image/ab67616d0000b273cd4a90cfc3897bc8d0740e73,5fybLNY2eBRnEGg8SUW6yk,spotify:track:5fybLNY2eBRnEGg8SUW6yk
audio/Ride - Nowhere.mp3,Ride - Nowhere,2.9784862168683475,3.2749308924315192,3.209517576497019,8.214692901139951,4.046846741477762,45.3563288420904,65.88810434862098,68.16538675147508,1.0,4.571321077178295,0.8209522123881412,0.0906748203352042,23.936382341384885,,1.936473608016968,0.8537501843990231,0.9596082241530904,2340.069739636844,4949.650209590304,2404.5196961145098,0.0189444068819284,0.1236605644226074,0.3878665899942468,9,A,0,0.1465757129327657,0.8275530847394423,1.1021233895776907,73.888916015625,0.2518481910228729,1,Nowhere,Ride,Nowhere,http://coverartarchive.org/release/5f197f2a-862b-4369-ab60-2bc7ae34ef14/37756352607-500.jpg,,
audio/Ogre You Asshole - Homely.mp3,Ogre You Asshole - Homely,3.0089726229561147,2.6879922098734723,2.6806774983424586,7.350546866247186,6.920109914826669,41.9513898887519,67.14799890327674,56.14461803556927,1.0,5.107390919400502,0.8656915881319712,0.0680597102477387,10.923709392547607,,5.35478401184082,0.5368624714683113,0.9791309571385036,2102.3759190456235,4272.710875267693,2188.453541603749,0.0353822670876979,0.166912242770195,0.8971259306700753,2,D,1,0.05885230917414,0.873871951453112,2.954878058124478,89.23699188232422,0.2580004930496216,1,Tsukuri Mono,OGRE YOU ASSHOLE,homely,https://i.scdn.co/image/ab67616d0000b27350b0a89d18c14923373f4c16,56IDBPsqwKX4xj94MtAMwE,spotify:track:56IDBPsqwKX4xj94MtAMwE
audio/Lo Borges - Lo Borges.mp3,Lo Borges - Lo Borges,4.285973306443089,2.315232887737169,2.826891427612318,5.595079515702104,7.2448458899699855,45.79359385743902,60.254735117049705,53.26294835081818,1.0,5.030028667228308,0.8942832940886065,0.0538301792029748,12.692577838897709,,4.131197452545166,0.4689171012717866,0.9525177346042774,1897.2272976519,4110.53546457427,2214.5114547110866,0.009042615070939,0.2100637108087539,0.8570540708514517,9,A,1,0.1453964667091006,0.8984865560563758,3.9394622422550305,74.37916564941406,0.2251700311899185,1,Lô Borges,Lô Borges,Lô Borges,https://coverartarchive.org/release/99fc4923-af3c-4a70-a5de-2776110e1f34/41335726272-500.jpg,,
audio/Gas - Pop.mp3,Gas - Pop,2.012859991350531,1.4598357905928416,2.39830217631071,8.123694952283579,7.472055130928949,42.234844715519635,65.63461124914798,63.33490224338476,1.0,5.102528001449645,0.960055830581806,0.0212970766713738,24.335005259513856,,6.5797905921936035,0.7782312368542086,0.9687500265191046,2422.718800567138,5306.638355928309,2540.0394890628536,0.0214843060821294,0.17166568338871,0.761372549019593,3,D#,0,0.2442123336121329,0.8863608227559852,3.4544329102394045,79.65913391113281,0.2539025545120239,1,Pop,Gas,Pop,https://f4.bcbits.com/img/a3083601247_10.jpg,,
audio/Skúli Sverrisson - Instants.mp3,Skúli Sverrisson - Instants,10.0,1.6189128345475874,5.728743124318375,5.204147781173325,7.279686314642731,57.86324377050999,40.70401322437911,64.88126762024083,1.0,4.083368730803841,0.946864099434272,0.026629784596461,21.67866039276123,,3.1593658924102783,0.8514009968564938,0.94845998129969,447.9928246940868,689.934659515555,824.9789600992358,0.0306066181510686,0.2082170397043228,0.7182533559635748,2,D,0,0.0566410023484779,0.8560933086106246,4.532565352237484,40.46319580078125,0.1727819144725799,0,Instants,Skúli Sverrisson,Sería II,https://i.scdn.co/image/ab67616d0000b2739e1dec6bf62f1ad6bb31e2d0,2m2nyQtuu7BIsGo6nPPYtM,spotify:track:2m2nyQtuu7BIsGo6nPPYtM
audio/Windy  Carl - The Eternal Struggle.mp3,Windy  Carl - The Eternal Struggle,8.142405258037563,1.6567649351049314,7.500846759876631,5.554564309458796,3.2396834539270727,47.20271266934628,41.92763722585366,67.4886836156409,1.0,10.4370341313892,0.9440634621372904,0.0281514941743402,73.08892211914062,,0.8293101191520691,0.5180345377404716,0.9432967269644732,353.791490441787,544.0556342700828,437.9161324806004,0.3990018665790558,0.0727742910385131,0.732966864501434,2,D,1,0.1364522362462938,0.3490538186811539,2.48528050336493,13.990517616271973,0.0608936101198196,0,The Eternal Struggle,Windy & Carl,The Dream House / Dedications to Flea,https://i.scdn.co/image/ab67616d0000b273a7e8a3cff8e865463a203fb0,0s78SA2QtQIAedxjEXCxso,spotify:track:0s78SA2QtQIAedxjEXCxso
audio/Ichiko Aoba - Looking at Design.mp3,Ichiko Aoba - Looking at Design,8.505585336387137,1.1641377509908226,5.985968761634254,2.03152479804933,2.584697840447971,51.87899579457639,50.98818946029094,49.383242719801835,1.0,6.224377033677967,0.9816379453031556,0.0091881962304155,32.86624398231506,,2.280600309371948,0.3207698716185518,0.9428908879506068,929.9775437706091,1586.1601033787815,1290.4215547962774,0.001973373349756,0.1265860050916671,0.1578707916287522,0,C,0,0.0192607770967674,0.4732852880779499,1.8059313083632544,17.405366897583008,0.0971114411950111,0,Looking at Design,Ichiko Aoba,"""Design Ah! neo""1",https://i.scdn.co/image/ab67616d0000b273ce8810fd78c1f3e32b02e94d,6qwDMVXWSNz9cdrVWplpM9,spotify:track:6qwDMVXWSNz9cdrVWplpM9
audio/Giuliano Sorgini - Analisi scientifiche.mp3,Giuliano Sorgini - Analisi scientifiche,5.802946468000999,5.3267052496989225,4.719615996620378,3.2352366106064925,2.1869815666849597,45.1927661734876,56.611715888833814,48.600944308994336,1.0,7.301766206324358,0.6640765063015158,0.1693728046088965,8.826939344406128,,1.3755552768707275,0.2803609494928516,0.9431168203768768,1381.69732659177,2581.4209793297864,1574.486489955173,0.0074765016324818,0.0947494655847549,0.429157462922054,8,G#,1,0.1087724230624626,0.8487646827827359,2.8844847112117784,46.108760833740234,0.1633068323135376,0,Analisi scientifiche,Giuliano Sorgini,Lavoro e tempo libero,https://i.scdn.co/image/ab67616d0000b2731b3e1c1f82087978bdf3775f,6vN0AqD9Zk4uolNlCRufxQ,spotify:track:6vN0AqD9Zk4uolNlCRufxQ
audio/Milton Nascimento - Tarde.mp3,Milton Nascimento - Tarde,4.138845840002354,3.4156732215330994,3.942189078275588,3.592948110931495,3.0698033651624237,43.04510901053624,62.29465230301235,49.8924430977049,1.0,6.0645433676893745,0.8094991332734776,0.0955559569777843,18.116567611694336,,3.354393482208252,0.3385731211081664,0.9413227550480072,1780.5405910590105,3622.713257117308,1913.2690940680404,0.0061117247678339,0.1175990030169487,0.3216062113308242,4,E,0,0.059790491301081,0.5626821818746618,2.395506792058516,30.011030197143555,0.0968184992671012,0,Tarde - Ao Vivo,"Milton Nascimento, Wayne Shorter",A Barca Dos Amantes (Ao Vivo),https://i.scdn.co/image/ab67616d0000b273f6996a98b33fd378ad445694,4b0wqzNfdnUIR2ltqbfXAz,spotify:track:4b0wqzNfdnUIR2ltqbfXAz
audio/Flying Lotus - me YesterdayCorded.mp3,Flying Lotus - me YesterdayCorded,5.958393451556728,3.488950943505393,4.392268709217204,7.006606207650822,4.180330820878814,48.33602807778832,60.85810393772329,64.59062389878328,1.0,5.305093335878824,0.8045067000516667,0.0988226262041793,20.272505760192868,,3.4427452087402344,0.7802566869221735,0.9396203517707088,1491.0806890875865,3284.650541420122,1944.9193473643063,0.0057917209342122,0.1402996778488159,0.1551609691337524,5,F,0,0.1210505942025167,0.9058697099888934,4.234788399555732,99.97784423828124,0.2914671897888183,1,me Yesterday//Corded,Flying Lotus,Until The Quiet Comes,https://i.scdn.co/image/ab67616d0000b273303935f23de7dea6062f8c88,0psPEAAcjByvOPhTZlHRH3,spotify:track:0psPEAAcjByvOPhTZlHRH3
audio/Seefeel - Climatic Phase 3.mp3,Seefeel - Climatic Phase 3,2.761803392720531,2.193201059956708,3.626482674014704,4.173281614921763,6.933430293722297,38.22013027572139,67.93961379119838,53.95260759570347,1.0,9.373241475619794,0.9037994238355842,0.0492883210389255,17.496392726898193,,3.0303874015808105,0.5208522869045991,0.9740093053105664,2064.2654861873816,3505.5655814505913,1735.8547281579592,0.0067702759988605,0.1988226026296615,0.9083011583011542,7,G,1,0.0873028848908602,0.8018337585051689,5.158862545966445,45.14759826660156,0.1205929815769195,1,Climatic Phase #3,Seefeel,Quique,http://coverartarchive.org/release/4e4001dd-3d93-3940-b11a-e6cadce51205/4690000158.jpg,,
audio/Flavio VenturiniMilton Nascimento - Qualquer Coisa A Haver Com O Paraíso.mp3,Flavio VenturiniMilton Nascimento - Qualquer Coisa A Haver Com O Paraíso,7.045557591738896,1.9182056300816008,3.682856603833044,4.173611183539066,4.141012055276075,52.045996485455355,55.83143351393253,54.01307162792177,1.0,6.510491735394238,0.9246419812622472,0.0386036871358157,13.998124313354491,,3.3853604793548584,0.5231469005461072,0.9487915783137376,1385.5581175361724,3041.4929105528977,1858.22768814297,0.0014033995103091,0.1430045813322067,0.3612714799972807,6,F#,1,0.3610189496491883,0.8847558710087442,4.4375431899591415,45.63621520996094,0.1650403887033462,0,Qualquer Coisa A Haver Com O Paraíso,"Flavio Venturini, Milton Nascimento",Nascente,https://i.scdn.co/image/ab67616d0000b273ff02ff1d88f1d0cd344e1cd1,4tBAew3sIaD8txTjSvWcze,spotify:track:4tBAew3sIaD8txTjSvWcze
audio/J Dilla - Donuts Outro.mp3,J Dilla - Donuts Outro,6.154265289067366,5.34691025966468,4.630870478864406,5.158691099483965,7.551889299732855,46.23047515749763,61.63958082437613,63.18901278605091,1.0,4.614068858439092,0.6622128808838488,0.169909583362576,8.214034795761108,,4.531492233276367,0.8115171747678265,0.9516448079133156,1298.787675008789,2652.7249849759614,1519.6200370686,0.0010139959631487,0.2203038483858108,0.6135531135530011,6,F#,1,0.1263617248800332,0.8967105263157895,3.868421052631579,62.67091369628906,0.1827490478754043,1,Donuts (Outro),J Dilla,Donuts,https://i.scdn.co/image/ab67616d0000b27383bb78285449998bb974da45,77cVT85pU7WH3elC1SE7Uu,spotify:track:77cVT85pU7WH3elC1SE7Uu
audio/Midori Takada - Mr Henri Rousseaus Dream.mp3,Midori Takada - Mr Henri Rousseaus Dream,9.350515986704098,4.328744421760599,5.354500920428913,4.227492929668983,3.5299974866924857,56.56246810200858,50.25668340921718,61.34092506992644,1.0,7.698851217945757,0.7439270249496809,0.1337460824523499,12.456871223449705,,1.589722990989685,0.7252173313226231,0.9461308031404712,912.2168582534732,1743.0012332743029,1466.5481600097137,0.0121412733569741,0.1178497746586799,0.3811514345430351,9,A,0,0.2671193202778362,0.2259431120896042,4.33563063718359,4.224149703979492,0.0276622343808412,0,Mr. Henri Rousseau's Dream,Midori Takada,Through the Looking Glass,http://coverartarchive.org/release/8a10ec27-c4a6-4efd-8ad5-a5d724cb2695/36437242861-500.jpg,,
audio/Dennis Brown - Here I Come.mp3,Dennis Brown - Here I Come,3.517626968895839,1.5292863191553463,2.9376428853921466,7.273391867301417,7.822778698351938,45.47234458223593,64.01805041552078,60.01291699527265,1.0,3.2215348943759183,0.9539585345654064,0.023372688911364,26.163835430145262,,10.351884841918944,0.7597371497511803,0.9669070350076928,2101.252882826961,4837.97687665389,2540.7493273443724,0.0131467366591095,0.1658139526844024,0.7008293321693523,7,G,1,0.0797319071442388,0.8926785746256632,3.707142985026528,76.87309265136719,0.2147406637668609,1,Here I Come,Dennis Brown,Love & Hate,https://i.scdn.co/image/ab67616d0000b273ded2ae60c13038fe9395dc60,0LSHXCQswjJre98L53YrOH,spotify:track:0LSHXCQswjJre98L53YrOH
audio/Yuragi - Yuragi.mp3,Yuragi - Yuragi,6.957992336316161,7.421398766399854,5.913207580887082,6.161350836600319,5.306939699888507,52.34196911576348,58.12464512449628,62.56214517254794,1.0,8.41553859306765,0.5047704497392701,0.2503530422392627,23.4032299041748,,3.716493368148804,0.5814241974276618,0.9697069537770998,1443.4360711594163,3129.10863571489,1795.9542139947555,0.0236496981233358,0.15238618850708,0.6034880942900326,9,A,1,0.1461111125896583,0.8445226536926926,2.620478596438176,46.50178146362305,0.1866018623113632,0,Our,yuragi,In Your Languages,https://i.scdn.co/image/ab67616d0000b273f4fcdb5c7ff5ae3e637adb53,0gfI388AQfJMDxOR2Q8yUh,spotify:track:0gfI388AQfJMDxOR2Q8yUh
audio/The Congos - Heart of the Congos.mp3,The Congos - Heart of the Congos,6.139119104189671,1.0,3.858830862423912,3.7969037259610983,6.842961276826392,48.3153551056049,59.62284459420947,54.80855036572825,1.0,2.5018674879010443,0.9995518557513264,0.0002513810541912,19.56959190368652,,5.490565776824951,0.5415855036666248,0.9684571575023462,1463.723334396915,2966.566197771141,1610.865057910939,0.0045973230153322,0.1773988157510757,0.7798684303600426,11,B,0,0.0348386117784959,0.5990857049759906,3.6619546673165977,36.12535858154297,0.0872354060411453,1,Heart of the Congos - Live,The 2 Bears,Be Strong (10th Anniversary Edition),https://i.scdn.co/image/ab67616d0000b2738d23dacd8576ee6d53f12fa5,744PalGakTNFg3EBHJPCFJ,spotify:track:744PalGakTNFg3EBHJPCFJ
audio/Slowdive - Alison.mp3,Slowdive - Alison,2.891715616842967,3.822880077189084,3.4928256796423733,6.807694543493684,4.040418686854705,45.581257771792686,64.34737500836962,62.02727891201892,1.0,10.894153521015022,0.7781138026282587,0.1109873383203996,26.774111652374263,,2.073524236679077,0.6172019686288153,0.9635140267257865,2387.1236363789144,5050.618826214659,2386.700301260807,0.0169273521751165,0.1474930495023727,0.3601630157921512,9,A,1,0.0629693576906069,0.8091103252158677,1.2462645100995546,46.32561874389648,0.1547888815402984,1,Alison,Slowdive,Souvlaki,https://i.scdn.co/image/ab67616d0000b273f6e31941d10e4819d290af41,33HRECrmuelZxOpid6XTNX,spotify:track:33HRECrmuelZxOpid6XTNX
audio/Judee Sill - The Kiss.mp3,Judee Sill - The Kiss,6.147532312854284,1.043892064613179,4.024277758421802,4.2180673176042855,2.0716113073400857,47.524288916269626,61.77681366857727,57.408798635239606,1.0,6.422222260362949,0.9977801897876528,0.0079861455560081,18.09156455993652,,2.2501657009124756,0.3330588549470116,0.9423042154048988,1443.297205891734,2640.7620357753817,1852.786574292163,0.0069643221795558,0.1025721281766891,0.1287219746799623,4,E,0,0.0945120074358225,0.3085559475046249,1.5016964563602295,15.027884483337402,0.0542538687586784,0,The Kiss - Remastered,Judee Sill,Heart Food,https://i.scdn.co/image/ab67616d0000b273934df05d20ddf27141d586a1,5248GQLJjBofZRaSocbdix,spotify:track:5248GQLJjBofZRaSocbdix
audio/Thundercat - Drunk.mp3,Thundercat - Drunk,4.271879888435334,1.4963678744979636,5.165169986317069,7.456291728395,7.79496126243391,45.08069888876868,61.345801898804865,62.89277292525253,1.0,2.4451183161768957,0.9564507980800248,0.0220916599762935,46.6432532787323,,7.763190746307373,0.7352892287844096,0.9597661091750856,1878.8755530014755,3869.13617351182,2165.197322496251,0.0129578514024615,0.2038416266441345,0.5488108720271676,4,E,0,0.0362285909072897,0.8809703433922997,3.2388137356919877,99.09833526611328,0.2144265472888946,1,Drunk,Thundercat,Drunk,https://i.scdn.co/image/ab67616d0000b27385c5e6c686ced3e43bae2748,1x020VQXsczFf07uJflEWp,spotify:track:1x020VQXsczFf07uJflEWp
audio/Ralph Towner - Icarus.mp3,Ralph Towner - Icarus,4.879398743885511,6.020853619929546,5.3055835779146046,3.7344943617029127,3.265141604932986,44.456413221386505,60.59706797345055,45.808979554490385,1.0,5.637013039506552,0.6180384924050801,0.2012548840312703,24.323975753784175,,3.295768976211548,0.2299711789526472,0.9518731687554058,1599.8357936119576,3406.3614392241248,1894.9826460490751,0.0223669819533824,0.0964027866721153,0.6173397690474698,2,D,1,0.1019816294863391,0.5157437012946845,3.7129837447652823,22.719926834106445,0.0859798640012741,0,Icarus,Ralph Towner,Diary,https://i.scdn.co/image/ab67616d0000b2736f2e8b10607a67cf4373b2ac,1fn8cJBIXD3X0l6OeYL01o,spotify:track:1fn8cJBIXD3X0l6OeYL01o
audio/Drop Nineteens - Kick The Tragedy.mp3,Drop Nineteens - Kick The Tragedy,3.2093179419114106,4.143625564600223,3.4932926497615973,6.687741655244569,4.7605499371745505,44.56304204788913,65.507879293684,65.99022652186926,1.0,9.064269529101042,0.7535948749045361,0.123293465825595,20.50263285636902,,3.2280712127685547,0.8550003549230599,0.9741389033490176,2204.0217605796615,4633.531463156388,2305.726399121051,0.0092327017337083,0.0754820480942726,0.8231390204144966,10,A#,1,0.0919619186210797,0.7734509215928083,2.2347627948799333,37.29490661621094,0.1481437236070633,1,Kick The Tragedy,Drop Nineteens,Delaware,https://i.scdn.co/image/ab67616d0000b273327dd408e63cfe266e5186b2,40ABtf917Ghhi2tkQDNOdn,spotify:track:40ABtf917Ghhi2tkQDNOdn
audio/Frank Ocean - Nights.mp3,Frank Ocean - Nights,3.5698584789015024,8.177261408995257,5.1631951945228405,5.34005637795787,3.870588330592061,42.07070622058687,63.093294068572995,54.83734454618869,1.0,5.483703487705553,0.4451870137960822,0.2780064426348542,19.998783111572266,,4.382452011108398,0.5806950617122922,0.9480074613433908,1880.4035300176831,4030.0490805888103,2182.6380768354265,0.0080407643690705,0.0943784713745117,0.487640789175293,5,F,0,0.0276756356495158,0.85966070290342,2.3864281161367997,56.55678176879883,0.1582358330488205,0,Nights,Frank Ocean,Blonde,https://i.scdn.co/image/ab67616d0000b273c5649add07ed3720be9d5526,7eqoqGkKwgOaWNNHx90uEZ,spotify:track:7eqoqGkKwgOaWNNHx90uEZ
audio/Fennesz - Caecilia.mp3,Fennesz - Caecilia,7.946471862407786,9.010880384394405,7.2948666338354835,6.69057253972897,3.9221844168992415,54.67283061283819,55.29833145856346,65.1539522572778,1.0,5.980201338622616,0.3817665698872936,0.3102175550367681,32.32501029968261,,2.063698053359986,0.6495584555892857,0.94760735358422,1259.2423064748823,2796.953885639133,1623.0488050711472,0.0484969802200794,0.1397445499897003,0.3564883239728016,4,E,1,0.2691282231448189,0.5686056844524221,1.2264053445326335,28.53681182861328,0.1100174039602279,0,Caecilia,Fennesz,Endless Summer,https://i.scdn.co/image/ab67616d0000b27350bb20bb2b20606ed918d652,7BMmOgvx42D7Xn3K9wivSH,spotify:track:7BMmOgvx42D7Xn3K9wivSH
audio/Youll Never Get to Heaven - Setting Sun.mp3,Youll Never Get to Heaven - Setting Sun,9.698566832052911,3.2823848705332535,5.919249977101984,3.615249571693667,4.228761286671165,56.26338432164145,50.60782242900482,55.796433889237626,1.0,3.847259424645328,0.8209396640075546,0.0913772180955867,20.84116187095642,,2.963583707809448,0.4372011432135989,0.958179615295864,805.6342812902886,1406.719942182024,1056.0555690102146,0.0132663659751415,0.1810570210218429,0.1927570093457919,6,F#,0,0.0252799651824551,0.868539758740512,2.9965262627064218,48.937767028808594,0.1952195614576339,0,Setting Sun,You'll Never Get to Heaven,Wave Your Moonlight Hat For The Snowfall Train,https://i.scdn.co/image/ab67616d0000b2734ce5c493f13bfb11a6b9a98c,2D1rYPinUnikGU9xNWylnN,spotify:track:2D1rYPinUnikGU9xNWylnN
audio/Som Imaginário - Som Imaginário.mp3,Som Imaginário - Som Imaginário,6.317926413535178,1.1600722313173064,3.830404872171809,3.7649104310900823,2.330839370499656,48.43758580424212,59.01477564915299,45.24007621758102,1.0,6.661337613525134,0.983467132183966,0.0101668306310159,13.83706932067871,,2.8280653953552246,0.1976908849985559,0.933767047590047,1469.042571354014,2570.5948160144935,1630.0740750694663,0.0055326111614704,0.1039072722196579,0.3230100703545294,11,B,0,0.030560490745072,0.8464173626955466,1.8566945078218624,80.22563171386719,0.2068322747945785,0,Som Imaginário,Som Imaginário,Som Imaginário,https://f4.bcbits.com/img/a3967621445_10.jpg,,
audio/Tram - You Can Go Now If You Want.mp3,Tram - You Can Go Now If You Want,9.382120629180056,1.7697549879309549,5.11105703722982,3.7437950227750534,5.158081098519698,53.133055229128345,49.45381192483382,59.18256999806047,1.0,7.610290557651081,0.9352856519550532,0.0323816647739673,12.41645574569702,,3.681944131851196,0.5559794991963659,0.965754821167252,713.3323224219987,1127.923397461591,1147.15107025869,0.0025146319530904,0.1414413601160049,0.654249386571485,5,F,1,0.1883866133091538,0.8427579999808994,2.257733939665663,47.71910858154297,0.1973026990890503,0,You Can Go Now (If You Want),Tram,Heavy Black Frame,https://i.scdn.co/image/ab67616d0000b273b8b57e69044c91b7ee7f903b,0oyXaOPjzk2TN12Tk8cjus,spotify:track:0oyXaOPjzk2TN12Tk8cjus
audio/Theo Parrish - First Floor.mp3,Theo Parrish - First Floor,5.896580991218016,1.0,4.882457134049275,6.977797114263103,6.985713482152789,49.76299316689977,57.75527187944636,65.93446514694294,0.0,2.614077858972532,0.996104157985132,0.0019875193059251,39.18916244506836,,8.064376831054688,0.9215425624740708,0.976558914414516,1652.4227751071085,3393.8113990863144,1997.7349596227584,0.0159759633243083,0.137569323182106,0.6519418023233932,8,G#,0,0.0124229334597877,0.8885544911063769,4.4866064987065695,63.27613067626953,0.1429167985916137,1,First Floor Metaphor,Theo Parrish,First Floor,https://i.scdn.co/image/ab67616d0000b273ce3bc66e9a01911468bf60c1,1DB1CNxYAGfv2HbzJoitek,spotify:track:1DB1CNxYAGfv2HbzJoitek
audio/Ichiko Aoba - COLORATURA.mp3,Ichiko Aoba - COLORATURA,7.036541096517119,4.298240029956315,5.654803893064033,5.074395000025453,4.17625736575129,49.24505244343742,53.72134695745579,62.092091254170434,1.0,7.660621364265036,0.7417409978399903,0.1291997481665278,23.841037940978985,,1.8479293584823608,0.4832822426357026,0.9471647249780766,1234.3276122326483,2356.7244008953653,1804.3794729904616,0.0121512170881032,0.1351521760225296,0.6058988764044887,2,D,1,0.102289794669959,0.4646439320047215,2.3389141249637433,19.674577713012695,0.0864370837807655,0,COLORATURA,Ichiko Aoba,Luminescent Creatures,https://i.scdn.co/image/ab67616d0000b2735c7c8c2db49278e396b9e084,3jIGteplWR9tMpqsH06J83,spotify:track:3jIGteplWR9tMpqsH06J83
audio/Jeff Buckley - If You Knew - Live at Sin-é New York NY - JulyAugu.mp3,Jeff Buckley - If You Knew - Live at Sin-é New York NY - JulyAugu,6.762925188389707,2.135060195823716,4.417824946278727,3.808072348783656,2.9789202854006667,48.01050585080022,56.57934124138734,57.45291842930678,1.0,8.047128187295973,0.9073004261781769,0.0463525966180893,16.268788623809815,,1.8078123331069944,0.5064118750277792,0.9444794790065348,1226.7979737829728,2426.8081923662608,1734.8257930907496,0.0036529733333736,0.133478432893753,0.1450190245589749,3,D#,1,0.0506438679146546,0.2670789087737614,1.728162089685653,10.340523719787598,0.0485495142638683,0,"If You Knew - Live at Sin-é, New York, NY - July/August 1993",Jeff Buckley,Live At Sin-é (Legacy Edition),https://i.scdn.co/image/ab67616d0000b2737763c5c3004079c1bf46189e,1nd2JEHXbUuQFDiQzCBpsv,spotify:track:1nd2JEHXbUuQFDiQzCBpsv
audio/King Crimson - Fallen Angel.mp3,King Crimson - Fallen Angel,3.557172174055414,3.9194104832906618,3.6858249236239855,5.413298054042411,3.5934523747306,44.610803379695405,63.18558361666981,53.124906940586385,1.0,8.327102113569252,0.770708965665839,0.1146717353607745,21.65905394554138,,3.234297513961792,0.4779871787485734,0.9511033630497544,2077.3144023080013,4417.63299732257,2268.8074769805453,0.0119951954111456,0.1101925149559974,0.4639386189258282,11,B,0,0.0832428329169079,0.8626485465712039,2.505941862848155,56.00625228881836,0.180811271071434,1,Fallen Angel,King Crimson,Red (Expanded & Remastered Original Album Mix),https://i.scdn.co/image/ab67616d0000b2733167627d9428094376a26a08,3t7PAjvfPwhvfQdTO7VdII,spotify:track:3t7PAjvfPwhvfQdTO7VdII
audio/Kamasi Washington - Final Thought.mp3,Kamasi Washington - Final Thought,3.603931099909504,3.0320485990181973,2.976096969885595,6.096565910098928,5.21749227954203,44.45327529836878,64.13052548502945,56.97377257397352,1.0,5.998094767393505,0.8414537548040248,0.0828018231658173,14.524230575561525,,3.378704309463501,0.640120512966512,0.9323626370299084,2053.8605820836706,4335.706556830347,2234.8014970982977,0.0173459369689226,0.1240511313080787,0.7718248088662315,0,C,0,0.1891406426800078,0.900769283497506,4.50522749122674,56.14533996582031,0.1464415788650512,1,Final Thought,Kamasi Washington,The Epic,https://i.scdn.co/image/ab67616d0000b273b89caebf56746ac0bae93ba9,21q13WGjUTmzvroPyUJQdC,spotify:track:21q13WGjUTmzvroPyUJQdC
audio/Stars of the Lid - Requiem for Dying Mothers Part 2.mp3,Stars of the Lid - Requiem for Dying Mothers Part 2,7.365917577605337,2.388858936298404,6.5773126116669065,4.3610522213545,3.008375768023642,46.30513191902767,46.20449842293961,72.26234514800004,1.0,6.9799613523,0.8888102017874717,0.0567709405805196,39.16288604736327,,0.7918979525566101,0.9606373731426656,0.960153049427984,859.3860425508735,1844.792210634333,1190.14861725452,0.0029209733474999,0.0568737722933292,0.4299573344169015,10,A#,1,0.0358712019094367,0.5211807026011117,0.5840576328530596,19.96228790283203,0.1160416603088378,0,"Requiem for Dying Mothers, Pt. 2",Stars Of The Lid,The Tired Sounds of Stars of the Lid,https://i.scdn.co/image/ab67616d0000b27365ff58390f0b7c44ec4d7aa5,7m2iqOIBuCT0XvMkv4wYNv,spotify:track:7m2iqOIBuCT0XvMkv4wYNv
audio/AnchorsongBookend - The Ocean.mp3,AnchorsongBookend - The Ocean,5.880738255699263,1.70941598273954,3.362794968523949,7.458179461228148,9.3507511363772,49.32240657473806,60.94395438031245,67.25949160816025,1.0,4.07673284882828,0.9399081038189864,0.0300740372531328,16.75235414505005,,10.055532455444336,0.9389633039584154,0.9680446306803004,1571.9010383728132,3590.5426331997237,2285.447269010316,0.004450038075447,0.1983159333467483,0.9020189455554406,6,F#,1,0.2350063593304351,0.9162132218541637,4.648528874166542,77.7710189819336,0.2733573317527771,1,The Ocean,"Anchorsong, Bookend",Mirage,https://i.scdn.co/image/ab67616d0000b273987cdaceb66d7d070f875ecc,11ZEPoLOymnDqXoc1e98FO,spotify:track:11ZEPoLOymnDqXoc1e98FO
audio/My Bloody Valentine - Loveless.mp3,My Bloody Valentine - Loveless,1.36103797628596,4.863384398770366,3.074086254449291,5.808336307214157,6.5270668781039785,39.14358733071231,68.7141803621446,54.22995204698213,1.0,12.9385245975621,0.6986527508637855,0.1509675314449271,12.409031295776362,,2.0287115573883057,0.3762430884128872,0.9800601111821384,2558.544210622863,4713.791055503024,2239.8680612136213,0.0263581816107034,0.2021898478269577,0.9461050308102552,11,B,1,0.0172311393076839,0.628214833403506,0.5585065247566745,41.1365852355957,0.1102297976613044,1,Loveless,My Bloody Valentine,Loveless,http://coverartarchive.org/release/cd32c6cf-f979-39e7-a4ec-157d3a560d06/25797196285-500.jpg,,
audio/This Mortal Coil - Kangaroo.mp3,This Mortal Coil - Kangaroo,8.240336627911562,4.978290338471673,5.010274006374874,4.424292078496689,2.3652174884031765,54.32313739489151,54.59351374138522,63.25771922349935,1.0,9.827972646554391,0.690752165031213,0.1560361485830724,11.166053771972656,,2.0729994773864746,0.549707794269384,0.947552141911595,1176.242777987207,2301.9046446075895,1582.1509301420986,0.0039484002627432,0.0980112254619598,0.1762172904935389,7,G,1,0.0374999881172537,0.3394001286348998,1.2030915288976822,15.683263778686523,0.0645669773221015,0,Kangaroo - Remastered,This Mortal Coil,It'll End In Tears (Remastered),https://i.scdn.co/image/ab67616d0000b273201a9af6d3296d20a205adb5,2HsOICaAi5bwnqyG7uO1Fo,spotify:track:2HsOICaAi5bwnqyG7uO1Fo
audio/Yoshio Ojima - Glass Chattering.mp3,Yoshio Ojima - Glass Chattering,6.732004605005335,2.010808250712625,5.1308827848405425,3.877392366011144,2.864168136783679,47.10431682300549,53.37347458708046,60.56206892957034,1.0,5.058694451205759,0.9172309686831112,0.0419084083703068,23.06685543060302,,1.4074441194534302,0.1504308479430166,0.940647746680738,1215.5618332967397,2093.999792755225,1481.6802299778203,0.004041040316224,0.1394248306751251,0.3795524640724432,8,G#,1,0.0806272703483157,0.3670413290851837,3.366025604381266,14.682087898254396,0.0584394484758377,0,Glass Chattering,Yoshio Ojima,Une Collection Des Chainons I,https://i.scdn.co/image/ab67616d0000b27313a5a858cabe0080969958f4,7kBKbrdOdyERP870kTYwIr,spotify:track:7kBKbrdOdyERP870kTYwIr
audio/Akusmi - Yurikamome.mp3,Akusmi - Yurikamome,7.144247269818976,6.800270012224027,6.170127182954637,3.904083179895179,3.19777561268917,48.628174159352355,56.823660424615056,54.49485009844831,1.0,5.079140730006728,0.5502284759946037,0.2250101561273762,18.110461902618407,,3.343384265899658,0.4986952873165625,0.9338826729116474,1156.1998639943326,2153.2801167977236,1460.7074204011533,0.0040462687611579,0.0943575128912925,0.4241107792560384,0,C,0,0.1501257996555768,0.9520188839644872,6.080755358579482,56.79536056518555,0.1739270538091659,0,Yurikamome,Akusmi,Fleeting Future,https://i.scdn.co/image/ab67616d0000b2735bbcd23b0d783b2c0288bf46,0OfmvSdGOtAv7LExwfJBUc,spotify:track:0OfmvSdGOtAv7LExwfJBUc
audio/Roly Poly Rag Bear - Sentimental Bus.mp3,Roly Poly Rag Bear - Sentimental Bus,7.065448989537736,3.231010137758985,5.4063237252460095,6.167991703354966,6.0743901362263735,52.37914059764188,53.36544335523092,63.33610587000286,1.0,8.107353353093751,0.8239130056524404,0.0886932952658456,32.01222920417785,,3.648897647857666,0.5926390121392571,0.9645836619903392,1427.7659895969225,2962.3140828177434,2183.9286916781466,0.0071292491629719,0.1881227493286132,0.5958389261744886,8,G#,0,0.1057559968514357,0.8167236878973908,2.214247808864385,43.561248779296875,0.1857992112636566,1,Sentimental Bus,Roly Poly Rag Bear,"Straw, Water, Pinstripe",https://i.scdn.co/image/ab67616d0000b273e0e38702da6131c326f1510a,75JAoS9ebFxy5Gz3ZnBh7U,spotify:track:75JAoS9ebFxy5Gz3ZnBh7U
audio/DAngelo - Playa Playa.mp3,DAngelo - Playa Playa,4.824264488123795,4.086576874856943,5.073327730398101,6.075263835169346,7.268870872813448,44.65352876579408,61.721006779366114,61.427868353097274,1.0,2.0741815867466413,0.7579102300057868,0.1210705519163203,29.087123489379877,,9.692131042480469,0.7306375629803142,0.9651726651573548,1644.1559406474223,3429.575571219991,2014.5704985300824,0.0090040490031242,0.1647477746009826,0.5469532100108785,6,F#,1,0.0517136983525211,0.8238582158003394,2.1745243228043867,61.48384094238281,0.1408485323190689,1,Playa Playa,D'Angelo,Voodoo,https://i.scdn.co/image/ab67616d0000b2732b3dc336a7a69293c25d9ade,6j0FBH06L1YlVkxBvE972P,spotify:track:6j0FBH06L1YlVkxBvE972P
audio/Cornelius - Point.mp3,Cornelius - Point,2.5558544888483428,8.414851757956987,4.03039808574761,7.734438466658875,6.8682197467978945,46.31501970751597,66.86251903597606,59.90335073290456,1.0,3.2648784516079563,0.4272632893689882,0.28730037345844,19.80599594116211,,8.893951416015625,0.620650104474409,0.9766984761969209,2762.4616325351694,5832.9683700801315,2554.7351928674357,0.0294115375727415,0.1432337462902069,0.650057493292443,9,A,1,0.1323224135289286,0.8610812355726605,2.443249422906418,66.7757339477539,0.1851622015237808,1,Point of View Point,Cornelius,Point,https://i.scdn.co/image/ab67616d0000b273c3860d1b87e78a68953f76f6,0n7WH5Gb28kHNSc5bBR3oR,spotify:track:0n7WH5Gb28kHNSc5bBR3oR
audio/Grouper - Heavy WaterId Rather Be Sleeping.mp3,Grouper - Heavy WaterId Rather Be Sleeping,9.37987355776082,1.6696410611733945,4.666965499630857,4.315244618423296,6.813153856851073,57.00495945273994,50.33233754080912,60.02556880590299,1.0,4.663683924579387,0.9431471384914698,0.0286963085262227,11.914714050292966,,2.6071557998657227,0.6012038557053238,0.9623584811525756,930.3790832072513,1585.643587711353,1433.1195481982468,0.000570393865928,0.2295189350843429,0.6957863660762118,6,F#,0,0.3721605634484472,0.8884890852660144,3.687292902828081,49.38446044921875,0.1673200577497482,0,Heavy Water/I'd Rather Be Sleeping,Grouper,Dragging a Dead Deer Up a Hill,https://i.scdn.co/image/ab67616d0000b27346b8a120800bfdb294bab142,6IUwiHsyKAZtfBy37Wu4ij,spotify:track:6IUwiHsyKAZtfBy37Wu4ij
audio/Chip Wickham - Space Walk.mp3,Chip Wickham - Space Walk,5.6473677629642935,3.2523924784543725,4.517484321342119,4.802292673601698,7.363647410211701,46.27792923151306,56.715609138531214,56.12528151056131,1.0,3.6365192736803977,0.8217840601067492,0.0891442377075985,20.58459157943725,,4.39171028137207,0.5214266669859097,0.968916155198148,1472.7203309246056,3077.753635465137,2002.534103402273,0.0065128863789141,0.213709145784378,0.8088552915766687,0,C,1,0.0072017176625851,0.820321097450394,3.173676722722796,40.1631965637207,0.1633106023073196,1,Space Walk,Chip Wickham,Love & Life,https://i.scdn.co/image/ab67616d0000b2734cc59ef82390c4bd7bee27aa,36uPbWPfZfeOOBtpscUcca,spotify:track:36uPbWPfZfeOOBtpscUcca
audio/Boards of Canada - Roygbiv.mp3,Boards of Canada - Roygbiv,5.6462920554714895,3.0443498349358604,5.192443777774047,5.17607302850811,9.26095647968716,44.62958307970618,62.84731740438118,60.78740236452258,1.0,4.7040089393342495,0.8379636828732145,0.0813685255419222,27.75327730178833,,9.68763828277588,0.7508185634902996,0.9859752847897753,1356.69096919786,2792.942967137858,1578.2715066774456,0.0094996653497219,0.2082616835832595,0.8712038623267269,11,B,0,0.0479604019030818,0.8821706466326805,3.2868258653072173,56.984336853027344,0.167805403470993,1,Roygbiv,Boards of Canada,Music Has The Right To Children,https://i.scdn.co/image/ab67616d0000b2739effb26eea559ce6f3fed751,5Hf2h59YLInKlic7ooWZVd,spotify:track:5Hf2h59YLInKlic7ooWZVd
audio/The Strokes - Call It Fate Call It Karma.mp3,The Strokes - Call It Fate Call It Karma,9.199531526783655,6.382626191365088,6.767964346477504,3.6694012523030386,4.454359148507995,52.87832853007345,49.496409359123064,61.18914668804124,1.0,6.086425694142579,0.586975984720235,0.2125890089239843,18.79878349304199,,2.391855955123902,0.40413601772735,0.9562516104654268,740.647541289035,1314.017389766591,978.60201300808,0.0009804227156564,0.1613634973764419,0.5083342782628358,7,G,1,0.0405097059118747,0.8481507578543162,2.402656595910926,48.01405715942383,0.1734345406293869,0,"Call It Fate, Call It Karma",The Strokes,Comedown Machine,https://i.scdn.co/image/ab67616d0000b273f07ef193e0bb6a238ea37f0a,3Y4rUyw7XBCK6hGHCOt6rp,spotify:track:3Y4rUyw7XBCK6hGHCOt6rp
audio/Fishmans - DAYDREAM.mp3,Fishmans - DAYDREAM,6.696830722006325,8.580206191523326,6.545096465998953,3.8418097003973193,5.966330574521844,47.30249158768572,57.35907626232729,55.142827368086834,1.0,7.8015712415894285,0.4139108000071269,0.2931123788368685,18.0963134765625,,5.856356143951416,0.5004326806484184,0.966568685660642,1202.123517902387,2343.8230262400184,1555.3876994106718,0.0042825951240956,0.1342585831880569,0.796381505472411,11,B,0,0.0301599987898851,0.8004866984976389,2.097121748499307,41.343109130859375,0.1559709012508392,0,DAYDREAM,Fishmans,宇宙 日本 世田谷,https://i.scdn.co/image/ab67616d0000b273f0848eae2594bbab3c3d4363,2BVeeIDSD2dCnkNMhGDYK4,spotify:track:2BVeeIDSD2dCnkNMhGDYK4
audio/Godspeed You Black Emperor - Storm.mp3,Godspeed You Black Emperor - Storm,5.7833302116532765,3.0367202791825503,4.588254179067194,5.5237053230718285,3.0032592753752745,47.46750628159501,60.72920783765402,60.31740117918831,1.0,6.632528924258849,0.8424328171550693,0.0839795159832169,22.69679832458496,,1.614519476890564,0.4874351179000445,0.9464550887098536,1531.687224795123,3073.6832571758277,1686.9796110479356,0.0117442589253187,0.1241245493292808,0.3216104778074207,5,F,1,0.0968491359072625,0.8160414350360033,0.6416574014401305,63.321285247802734,0.181088849902153,0,Storm,Godspeed You! Black Emperor,Lift Your Skinny Fists Like Antennas to Heaven,https://f4.bcbits.com/img/a3636119674_10.jpg,,
audio/advantage Lucy - Metro.mp3,advantage Lucy - Metro,2.6662425038701203,4.3497194042172875,2.7533828482128535,7.132503901963311,6.411404693119182,44.25163258870006,64.35774161626017,58.48137562688966,1.0,7.872363957311592,0.7388810046041487,0.1319783619684436,14.512267303466798,,3.690956115722656,0.591589836844984,0.971752890470906,2351.3197400256586,5090.099105271106,2483.1905667675833,0.0174178853631019,0.154885396361351,0.9423915103278288,4,E,1,0.0372422914835685,0.909160577437177,4.366423097487079,75.95997619628906,0.2220380157232284,1,メトロ,Advantage Lucy,ファンファーレ,https://i.scdn.co/image/ab67616d0000b273e6514babfefbd21ac0bfc892,53OCr7z2x9CojT6OYukh52,spotify:track:53OCr7z2x9CojT6OYukh52
audio/a picture of her - The bell tolls.mp3,a picture of her - The bell tolls,5.465589424108177,5.889104118718262,4.443083565622381,5.368611718875223,3.629708851258492,48.71757861608017,58.30253484127672,55.31736654801347,1.0,10.929732682626346,0.6204675278980475,0.190489309218547,15.692166376113889,,3.1585402488708496,0.5921568145993248,0.9359982254998224,1694.4307054429505,3705.785552350403,2016.359404186724,0.0094046834856271,0.1186907067894935,0.344854506742368,9,A,1,0.1007368392158918,0.8739699229734686,2.9587969189387455,65.73640441894531,0.2053271234035492,0,The bell tolls,a picture of her,C,https://i.scdn.co/image/ab67616d0000b2732f485f102d1131f982acf3ba,0cwy8I1xQFXDZ0bMR5BHLp,spotify:track:0cwy8I1xQFXDZ0bMR5BHLp
audio/Milton Nascimento - Geraes.mp3,Milton Nascimento - Geraes,3.665659386527955,4.837667723850508,4.384091485133546,3.630769703957189,3.385057017255202,42.06074234886519,64.56590149402761,49.61561080030171,1.0,8.354304910806365,0.7038221504042503,0.1523746657555823,19.30452651977539,,2.5649380683898926,0.3497797579799925,0.9428481179328264,1902.261098719892,3689.208484428328,1921.1440853381723,0.0080742975696921,0.152611494064331,0.2414865377322697,7,G,0,0.0081102389499829,0.5321325236571773,1.953312137973085,28.983251571655273,0.0928200632333755,0,Minas Geraes,Milton Nascimento,Welcome To MINAS GERAIS - Music From The Heart Of Country,https://i.scdn.co/image/ab67616d0000b273793539592378cd0bc3c16d0b,3bfQVpY15CRiWFDb1oHeyP,spotify:track:3bfQVpY15CRiWFDb1oHeyP
audio/Mogwai - Cody.mp3,Mogwai - Cody,5.518896024257675,9.74142274743277,7.32610843363158,6.2690278111571605,4.202092540816528,47.58690398591328,61.690454277921205,58.01679029361251,1.0,10.09242235107594,0.3261103766819633,0.3383877478686954,36.87487077713013,,2.96519136428833,0.5688437830400712,0.9542899496311426,1608.6124168166164,3409.1704772476987,1978.3513505659128,0.048188891261816,0.12965789437294,0.4875472976788813,7,G,1,0.1489178427096753,0.5721977437927721,1.7682326674238755,24.950355529785156,0.1134869381785392,0,Cody,Mogwai,Come On Die Young,https://i.scdn.co/image/ab67616d0000b273069b494c84a75195ac022c60,7vZpIKB35l7tyECTA02L0f,spotify:track:7vZpIKB35l7tyECTA02L0f
audio/Dead Can Dance - Anywhere Out of the World.mp3,Dead Can Dance - Anywhere Out of the World,4.439633530729271,7.294982834114476,5.327882776485747,7.01592039932442,5.116131529720269,46.23212047191071,62.06082801314339,68.92849263281711,1.0,5.2575885319974125,0.5125215430525906,0.2440736377591737,27.51043252944946,,1.8584628105163576,0.772991840430444,0.9331463435978168,1857.6283695220231,4149.761437623961,2171.863943760114,0.0113865341991186,0.1185634061694145,0.8364941443143118,1,C#,1,0.4269793939462483,0.8178974314474141,0.7158972578965637,50.422576904296875,0.1981360614299774,1,Anywhere Out of the World - Remastered,Dead Can Dance,Within the Realm of a Dying Sun (Remastered),https://i.scdn.co/image/ab67616d0000b273370fbbc6d63b83df767204d4,6f7KNNrULdITYojMmRLHle,spotify:track:6f7KNNrULdITYojMmRLHle
audio/Liana Flores - I wish for the rain.mp3,Liana Flores - I wish for the rain,6.830785769779567,3.5697188061051257,5.002211035957614,3.4973978157295247,5.280547110473773,50.084218048614936,56.33357817755787,50.05821766773671,1.0,5.248209969150458,0.7983019998902389,0.1018986646622231,21.2785325050354,,3.1306416988372803,0.2942275361388159,0.9461630572802924,1364.9707316427364,2661.152584596991,1713.0329501810434,0.0045079640112817,0.1811185777187347,0.6384204609330996,11,B,0,0.0098442313249731,0.8225313406741483,2.3303670913214023,44.04536056518555,0.1697645336389541,0,I wish for the rain,Liana Flores,Flower of the soul,https://i.scdn.co/image/ab67616d0000b2737c6ab5513acd08fd96ec8328,59ZkByVPAIPe0YhqIO723Y,spotify:track:59ZkByVPAIPe0YhqIO723Y
audio/Azymuth - Light as a Feather.mp3,Azymuth - Light as a Feather,4.873488525388062,3.3790521345156077,3.989709738109829,6.246284205453949,3.4525931560843106,49.29035440774948,59.38612021690615,55.26424125983695,1.0,4.9865445170830025,0.8124535513218873,0.0942667075426912,27.969606876373284,,4.678459644317627,0.4897982108376994,0.9487830306745292,1913.8980601648384,4388.03817445036,2409.236569434938,0.021743169054389,0.1063369885087013,0.2971951013036836,7,G,0,0.2677180612356771,0.8734666432676776,2.938665730707106,51.117645263671875,0.1548615097999572,1,Light As A Feather,Azymuth,Light As A Feather,https://i.scdn.co/image/ab67616d0000b2733723ab759fa0aed14bdc1843,6fnnX6RaB3USUxRCd6HjnU,spotify:track:6fnnX6RaB3USUxRCd6HjnU
audio/Nujabes - Aruarian Dance.mp3,Nujabes - Aruarian Dance,8.583766632218214,2.050794591170863,4.662698604711741,5.82940130905473,9.642554809135325,53.382668531018496,52.38390951973719,61.702382854790905,1.0,4.705870051904697,0.9138196568248098,0.0431775923459583,14.253063082695007,,10.38427734375,0.6990495007545714,0.9762877888055732,979.149506945438,1928.313712147112,1387.253260229179,0.013600455597043,0.2214071601629257,0.9389022807342764,8,G#,0,0.2254523779387224,0.899028350858512,3.9611340343404766,90.037841796875,0.2533527314662933,1,aruarian dance,Nujabes,samurai champloo music record departure,https://i.scdn.co/image/ab67616d0000b27359ef99ed996b4e537ed2e6a3,4sUTagdmyuyAxd7RvbygpQ,spotify:track:4sUTagdmyuyAxd7RvbygpQ
audio/Harold BuddBrian Eno - The Pearl.mp3,Harold BuddBrian Eno - The Pearl,9.45486073484532,5.480009683186458,8.13486514341226,4.794221435633684,3.5236114582447944,53.44796962830398,36.55203775010968,66.18996461506522,1.0,6.477878208349835,0.6540814815959383,0.176543008024184,39.64452171325683,,1.3871320486068726,0.6863698958667216,0.9629521783944648,542.6692776393991,637.8121909981344,1047.4670549089983,0.027177533134818,0.1056673154234886,0.5128358208955163,9,A,1,0.0621259475583242,0.1478173789220844,0.6171146461876028,4.864583969116211,0.0309606026858091,0,The Pearl - 2005 Digital Remaster,"Harold Budd, Brian Eno",The Pearl,https://i.scdn.co/image/ab67616d0000b273a00536b039aaefb64040d8dd,4dUIwKF5cQ4efJELwG8cpm,spotify:track:4dUIwKF5cQ4efJELwG8cpm
audio/Sibylle Baier - Colour Green.mp3,Sibylle Baier - Colour Green,9.081913785537298,1.3503739969332715,4.55811547014578,4.90499714958133,5.005340742300566,55.89467480552585,50.61305919866192,56.147621802622645,1.0,5.698808040048803,0.967669342433242,0.016533802608408,14.552762699127197,,3.478455066680908,0.4996852389340499,0.9358125772662764,1015.99408832734,1825.316544176386,1643.302782729375,0.0154182324185967,0.1739172935485839,0.4278638760185265,0,C,1,0.0081791252441128,0.8956422018348624,3.8256880733944953,56.39293670654297,0.224753275513649,0,Colour Green,Sibylle Baier,Colour Green,https://i.scdn.co/image/ab67616d0000b27300b9e955d2b2a0be08152a8c,2m8r2V0pUmXBeGo1jaw28G,spotify:track:2m8r2V0pUmXBeGo1jaw28G
audio/Gas - Königsforst.mp3,Gas - Königsforst,1.7634485992003173,1.576044359376066,4.665741068055633,3.4936070496294382,4.220009204443503,36.145451148105664,66.45211167844624,45.94782567510539,0.0,1.0037310827540478,0.9507312006809544,0.0254259734325742,42.46255455017089,,5.9949951171875,0.2114537389798094,0.9222994499698548,2438.285158991127,4145.703559413923,1821.0786008463683,0.0116974096745252,0.1574680209159851,0.2392249901146603,9,A,0,0.2743474923553803,0.5855269143032636,3.1511168823544407,38.85889434814453,0.0820786878466606,1,Königsforst 1,GAS,Königsforst,https://i.scdn.co/image/ab67616d0000b2730fb93626225eba63fb553f3c,7joLh1gqRVsHuwccyjILbj,spotify:track:7joLh1gqRVsHuwccyjILbj
